"","FAD","LAD","Duration","Family","Order"
"Atopotarus","20.43","13.6","6.83","Desmatophocidae","Carnivora"
"Tapirus (Helicotapirus)","4.9","0.0117","4.8883","Tapiridae","Perissodactyla"
"Allodesmus","28.1","5.333","22.767","Desmatophocidae","Carnivora"
"Cuvieronius","10.3","0","10.3","Gomphotheriidae","Proboscidea"
"Equus","23.03","0","23.03","Equidae","Perissodactyla"
"Mammuthus","23.03","0","23.03","Elephantidae","Proboscidea"
"Hyrachyus","55.8","40.4","15.4","Hyrachyidae","Perissodactyla"
"Alphadon","72.1","66","6.09999999999999","Alphadontidae","Didelphimorphia"
"Ectocentrocristus","70.6","66","4.59999999999999","Herpetotheriidae","Marsupialia"
"Aquiladelphis","70.6","66","4.59999999999999","Aquiladelphidae","Didelphimorphia"
"Eodelphis","72.1","66","6.09999999999999","Stagodontidae","Didelphimorphia"
"Meniscoessus","72.1","66","6.09999999999999","Cimolomyidae","Multituberculata"
"Cimolodon","72.1","63.3","8.8","Cimolodontidae","Multituberculata"
"Didelphodon","72.1","66","6.09999999999999","Stagodontidae","Didelphimorphia"
"Mesodma","72.1","56.8","15.3","Neoplagiaulacidae","Multituberculata"
"Cimolomys","72.1","66","6.09999999999999","Cimolomyidae","Multituberculata"
"Turgidodon","72.1","66","6.09999999999999","Alphadontidae","Didelphimorphia"
"Cimolestes","72.1","63.3","8.8","Cimolestidae","Cimolesta"
"Glasbius","72.1","66","6.09999999999999","Glasbiidae","Didelphimorphia"
"Essonodon","72.1","66","6.09999999999999","Cimolomyidae","Multituberculata"
"Nortedelphys","70.6","66","4.59999999999999","Herpetotheriidae","Marsupialia"
"Batodon","70.6","66","4.59999999999999","Cimolestidae","Cimolesta"
"Neoplagiaulax","70.6","55.8","14.8","Neoplagiaulacidae","Multituberculata"
"Parectypodus","70.6","48.6","22","Neoplagiaulacidae","Multituberculata"
"Delphodon","70.6","66","4.59999999999999","Palaeoryctidae","Cimolesta"
"Clemensodon","70.6","66","4.59999999999999","Eucosmodontidae","Multituberculata"
"Telacodon","70.6","66","4.59999999999999","Cimolestidae","Cimolesta"
"Bubodens","70.6","66","4.59999999999999","Taeniolabididae","Multituberculata"
"Eucosmodon","66","61.7","4.3","Eucosmodontidae","Multituberculata"
"Taeniolabis","66","63.3","2.7","Taeniolabididae","Multituberculata"
"Valenia","66","63.3","2.7","Hyopsodontidae","Condylarthra"
"Xyronomys","66","61.7","4.3","Neoplagiaulacidae","Multituberculata"
"Kimbetohia","66","63.3","2.7","Ptilodontidae","Multituberculata"
"Catopsalis","66","56.8","9.2","Taeniolabididae","Multituberculata"
"Thylacodon","66","63.3","2.7","Herpetotheriidae","Marsupialia"
"Procerberus","72.1","61.7","10.4","Cimolestidae","Cimolesta"
"Stygimys","66","61.7","4.3","Eucosmodontidae","Multituberculata"
"Valenopsalis","70.6","63.3","7.3","Taeniolabididae","Multituberculata"
"Puercolestes","66","63.3","2.7","Cimolestidae","Cimolesta"
"Eoconodon","66","56","10","Triisodontidae","Acreodi"
"Bomburia","66","63.3","2.7","Hyopsodontidae","Condylarthra"
"Choeroclaenus","66","63.3","2.7","Hyopsodontidae","Condylarthra"
"Ellipsodon","66","56.8","9.2","Hyopsodontidae","Condylarthra"
"Tiznatzinia","66","63.3","2.7","Hyopsodontidae","Condylarthra"
"Bubogonia","66","63.3","2.7","Hyopsodontidae","Condylarthra"
"Microcosmodon","66","55.8","10.2","Microcosmodontidae","Multituberculata"
"Promioclaenus","66","56.8","9.2","Hyopsodontidae","Condylarthra"
"Prochetodon","66","55.8","10.2","Ptilodontidae","Multituberculata"
"Ptilodus","66","55.8","10.2","Ptilodontidae","Multituberculata"
"Litaletes","66","56.8","9.2","Hyopsodontidae","Condylarthra"
"Goniacodon","66","56.8","9.2","Triisodontidae","Acreodi"
"Dissacus","66","48.6","17.4","Mesonychidae","Acreodi"
"Protoselene","66","56.8","9.2","Hyopsodontidae","Condylarthra"
"Ectypodus","66","33.9","32.1","Neoplagiaulacidae","Multituberculata"
"Gelastops","66","56.8","9.2","Cimolestidae","Cimolesta"
"Pararyctes","66","50.3","15.7","Palaeoryctidae","Cimolesta"
"Aphronorus","66","55.8","10.2","Pentacodontidae","Cimolesta"
"Haplaletes","66","56.8","9.2","Apheliscidae","Macroscelidea"
"Litomylus","66","56.8","9.2","Apheliscidae","Macroscelidea"
"Palaeoryctes","66","48.6","17.4","Palaeoryctidae","Cimolesta"
"Prothryptacodon","66","56.8","9.2","Chriacidae","Condylarthra"
"Propalaeosinopa","66","56.8","9.2","Pantolestidae","Proteutheria"
"Chacopterygus","66","63.3","2.7","Cimolestidae","Cimolesta"
"Alveugena","66","63.3","2.7","Cimolestidae","Cimolesta"
"Acheronodon","66","56.8","9.2","Microcosmodontidae","Multituberculata"
"Baiotomeus","66","56.8","9.2","Ptilodontidae","Multituberculata"
"Pantolambda","63.3","56.8","6.5","Pantolambdidae","Amblypoda"
"Coriphagus","63.3","61.7","1.59999999999999","Pentacodontidae","Cimolesta"
"Mioclaenus","63.3","56.8","6.5","Hyopsodontidae","Condylarthra"
"Anconodon","63.3","56.8","6.5","Cimolodontidae","Multituberculata"
"Deltatherium","63.3","61.7","1.59999999999999","Hyaenodontidae","Hyaenodonta"
"Acmeodon","63.3","56.8","6.5","Cimolestidae","Cimolesta"
"Mixodectes","66","56.8","9.2","Mixodectidae","Insectivora"
"Triisodon","63.3","61.7","1.59999999999999","Triisodontidae","Acreodi"
"Plesiolestes","66","56.8","9.2","Palaechthonidae","Primates"
"Pronothodectes","63.3","56.8","6.5","Plesiadapidae","Primates"
"Mimetodon","63.3","55.8","7.5","Neoplagiaulacidae","Multituberculata"
"Dracontolestes","63.3","61.7","1.59999999999999","Mixodectidae","Insectivora"
"Draconodus","63.3","61.7","1.59999999999999","Picrodontidae","Primates"
"Paromomys","63.3","56.8","6.5","Paromomyidae","Primates"
"Paleotomus","63.3","55.8","7.5","Cimolestidae","Cimolesta"
"Plesiadapis","63.3","50.3","13","Plesiadapidae","Primates"
"Anasazia","63.3","61.7","1.59999999999999","Palaechthonidae","Primates"
"Ankalagon","63.3","61.7","1.59999999999999","Mesonychidae","Acreodi"
"Elphidotarsius","63.3","56.8","6.5","Carpolestidae","Primates"
"Caenolambda","63.3","50.3","13","Pantolambdidae","Amblypoda"
"Xanclomys","63.3","61.7","1.59999999999999","Neoplagiaulacidae","Multituberculata"
"Swaindelphys","63.3","61.7","1.59999999999999","Herpetotheriidae","Marsupialia"
"Bessoecetor","63.3","55.8","7.5","Pantolestidae","Proteutheria"
"Jepsenella","63.3","56.8","6.5","Apatemyidae","Insectivora"
"Picrodus","63.3","56.8","6.5","Picrodontidae","Primates"
"Palenochtha","63.3","56.8","6.5","Palaechthonidae","Primates"
"Ignacius","63.3","33.9","29.4","Paromomyidae","Primates"
"Avunculus","63.3","61.7","1.59999999999999","Cimolestidae","Cimolesta"
"Eudaemonema","63.3","56.8","6.5","Mixodectidae","Insectivora"
"Stilpnodon","63.3","56.8","6.5","Geolabididae","Lipotyphla"
"Leptonysson","63.3","55.8","7.5","Pantolestidae","Proteutheria"
"Unuchinia","63.3","55.8","7.5","Apatemyidae","Insectivora"
"Premnoides","63.3","61.7","1.59999999999999","Palaechthonidae","Primates"
"Bisonalveus","61.7","56.8","4.90000000000001","Pentacodontidae","Cimolesta"
"Aletodon","61.7","55.8","5.90000000000001","Apheliscidae","Macroscelidea"
"Saxonella","61.7","56.8","4.90000000000001","Saxonellidae","Primates"
"Carpodaptes","61.7","55.8","5.90000000000001","Carpolestidae","Primates"
"Nannodectes","61.7","56.8","4.90000000000001","Plesiadapidae","Primates"
"Dorraletes","61.7","56.8","4.90000000000001","Apheliscidae","Macroscelidea"
"Titanoides","61.7","55.8","5.90000000000001","Titanoideidae","Amblypoda"
"Litolestes","61.7","55.8","5.90000000000001","Erinaceidae","Lipotyphla"
"Chiromyoides","61.7","55.8","5.90000000000001","Plesiadapidae","Primates"
"Cedrocherus","61.7","56.8","4.90000000000001","Erinaceidae","Lipotyphla"
"Labidolemur","61.7","48.6","13.1","Apatemyidae","Insectivora"
"Tytthaena","61.7","55.8","5.90000000000001","Oxyaenidae","Creodonta"
"Palaeosinopa","61.7","46.2","15.5","Pantolestidae","Proteutheria"
"Navajovius","61.7","56.8","4.90000000000001","Microsyopidae","Primates"
"Trogolemur","61.7","37.2","24.5","Omomyidae","Primates"
"Pentacosmodon","61.7","56.8","4.90000000000001","Microcosmodontidae","Multituberculata"
"Gingerichia","61.7","56.8","4.90000000000001","Apheliscidae","Macroscelidea"
"Aaptoryctes","61.7","55.8","5.90000000000001","Palaeoryctidae","Cimolesta"
"Presbytherium","63.3","56.8","6.5","Cyriacotheriidae","Amblypoda"
"Phenacodaptes","61.7","55.8","5.90000000000001","Apheliscidae","Macroscelidea"
"Zanycteris","61.7","56.8","4.90000000000001","Picrodontidae","Primates"
"Utemylus","61.7","56.8","4.90000000000001","Apheliscidae","Macroscelidea"
"Carpolestes","61.7","55.8","5.90000000000001","Carpolestidae","Primates"
"Foxomomys","61.7","56.8","4.90000000000001","Micromomyidae","Primates"
"Cyriacotherium","61.7","55.8","5.90000000000001","Cyriacotheriidae","Amblypoda"
"Haplolambda","61.7","55.8","5.90000000000001","Barylambdidae","Amblypoda"
"Entomolestes","61.7","37.2","24.5","Erinaceidae","Lipotyphla"
"Barylambda","61.7","50.3","11.4","Barylambdidae","Amblypoda"
"Stelocyon","61.7","56.8","4.90000000000001","Triisodontidae","Acreodi"
"Esthonyx","61.7","46.2","15.5","Esthonychidae","Cimolesta"
"Protentomodon","61.7","55.8","5.90000000000001","Pentacodontidae","Cimolesta"
"Pagonomus","61.7","56.8","4.90000000000001","Pantolestidae","Proteutheria"
"Dillerlemur","61.7","50.3","11.4","Paromomyidae","Primates"
"Micromomys","61.7","56.8","4.90000000000001","Micromomyidae","Primates"
"Dipsalodon","61.7","55.8","5.90000000000001","Oxyaenidae","Creodonta"
"Leipsanolestes","58.7","48.6","10.1","Erinaceidae","Lipotyphla"
"Arctodontomys","61.7","48.6","13.1","Microsyopidae","Primates"
"Tinimomys","56.8","48.6","8.2","Micromomyidae","Primates"
"Dryomomys","61.7","50.3","11.4","Micromomyidae","Primates"
"Phenacolemur","61.7","37.2","24.5","Paromomyidae","Primates"
"Apheliscus","61.7","48.6","13.1","Apheliscidae","Macroscelidea"
"Probathyopsis","61.7","50.3","11.4","Prodinoceratidae","Dinocerata"
"Alagomys","56.8","55.8","1","Alagomyidae","Rodentia"
"Paramys","56.8","33.9","22.9","Ischyromyidae","Rodentia"
"Haplomylus","61.7","48.6","13.1","Apheliscidae","Macroscelidea"
"Coryphodon","56.8","46.2","10.6","Coryphodontidae","Amblypoda"
"Acritoparamys","56.8","46.2","10.6","Ischyromyidae","Rodentia"
"Icaronycteris","56.8","46.2","10.6","Icaronycteridae","Chiroptera"
"Dipsalidictis","61.7","48.6","13.1","Oxyaenidae","Creodonta"
"Niptomomys","58.7","48.6","10.1","Microsyopidae","Primates"
"Microparamys","58.7","33.9","24.8","Ischyromyidae","Rodentia"
"Reithroparamys","56.8","40.4","16.4","Reithroparamyidae","Rodentia"
"Prolimnocyon","56.8","46.2","10.6","Hyaenodontidae","Hyaenodonta"
"Palaeonictis","56.8","48.6","8.2","Oxyaenidae","Creodonta"
"Hyopsodus","56.8","37.2","19.6","Hyopsodontidae","Condylarthra"
"Franimys","56.8","50.3","6.5","Paramyidae","Rodentia"
"Didelphodus","55.8","37.2","18.6","Hyaenodontidae","Hyaenodonta"
"Oxyaena","55.8","48.6","7.2","Oxyaenidae","Creodonta"
"Miacis","55.8","33.9","21.9","Miacidae","Carnivora"
"Hyracotherium","55.8","46.2","9.59999999999999","Palaeotheriidae","Perissodactyla"
"Cantius","55.8","40.4","15.4","Notharctidae","Primates"
"Pulverflumen","55.8","50.3","5.5","Paromomyidae","Primates"
"Diacodexis","55.8","37.2","18.6","Diacodexeidae","Artiodactyla"
"Microsyops","55.8","40.4","15.4","Microsyopidae","Primates"
"Macrocranion","55.8","37.2","18.6","Amphilemuridae","Macroscelidea"
"Thisbemys","55.8","40.4","15.4","Ischyromyidae","Rodentia"
"Lophiparamys","55.8","46.2","9.59999999999999","Ischyromyidae","Rodentia"
"Mytonomys","55.8","33.9","21.9","Ischyromyidae","Rodentia"
"Prototomus","55.8","46.2","9.59999999999999","Hyaenodontidae","Hyaenodonta"
"Xenicohippus","55.8","46.2","9.59999999999999","Equidae","Perissodactyla"
"Simpsonodus","55.8","50.3","5.5","Diacodexeidae","Artiodactyla"
"Bunophorus","55.8","46.2","9.59999999999999","Diacodexeidae","Artiodactyla"
"Tetonius","55.8","48.6","7.2","Omomyidae","Primates"
"Hexacodus","55.8","46.2","9.59999999999999","Homacodontidae","Artiodactyla"
"Tritemnodon","55.8","46.2","9.59999999999999","Hyaenodontidae","Hyaenodonta"
"Pelycodus","55.8","50.3","5.5","Adapidae","Primates"
"Knightomys","55.8","46.2","9.59999999999999","Sciuravidae","Rodentia"
"Lambdotherium","55.8","46.2","9.59999999999999","Brontotheriidae","Perissodactyla"
"Pachyaena","61.7","48.6","13.1","Mesonychidae","Acreodi"
"Copelemur","55.8","46.2","9.59999999999999","Notharctidae","Primates"
"Notoparamys","55.8","50.3","5.5","Ischyromyidae","Rodentia"
"Absarokius","55.8","46.2","9.59999999999999","Omomyidae","Primates"
"Sifrhippus","55.8","48.6","7.2","Equidae","Perissodactyla"
"Eohippus","55.8","48.6","7.2","Equidae","Perissodactyla"
"Jemezius","55.8","50.3","5.5","Omomyidae","Primates"
"Scenopagus","55.8","37.2","18.6","Amphilemuridae","Macroscelidea"
"Apatosciuravus","55.8","50.3","5.5","Ischyromyidae","Rodentia"
"Mattimys","55.8","46.2","9.59999999999999","Ischyromyidae","Rodentia"
"Ambloctonus","55.8","48.6","7.2","Oxyaenidae","Creodonta"
"Pauromys","55.8","33.9","21.9","Sciuravidae","Rodentia"
"Choctawius","55.8","50.3","5.5","Microsyopidae","Primates"
"Simpsonlemur","55.8","48.6","7.2","Paromomyidae","Primates"
"Apatemys","55.8","33.9","21.9","Apatemyidae","Insectivora"
"Uintasorex","55.8","37.2","18.6","Microsyopidae","Primates"
"Notharctus","55.8","40.4","15.4","Notharctidae","Primates"
"Anemorhysis","55.8","46.2","9.59999999999999","Omomyidae","Primates"
"Loveina","55.8","50.3","5.5","Omomyidae","Primates"
"Arapahovius","55.8","50.3","5.5","Omomyidae","Primates"
"Antiacodon","55.8","40.4","15.4","Homacodontidae","Artiodactyla"
"Sinopa","55.8","40.4","15.4","Hyaenodontidae","Hyaenodonta"
"Gazinocyon","55.8","50.3","5.5","Hyaenodontidae","Hyaenodonta"
"Amaramnis","55.8","50.3","5.5","Pentacodontidae","Cimolesta"
"Omomys","55.8","37.2","18.6","Omomyidae","Primates"
"Protorohippus","55.8","50.3","5.5","Equidae","Perissodactyla"
"Herpetotherium","56","15.97","40.03","Herpetotheriidae","Marsupialia"
"Acarictis","55.8","50.3","5.5","Hyaenodontidae","Hyaenodonta"
"Arfia","55.8","46.2","9.59999999999999","Hyaenodontidae","Hyaenodonta"
"Palaeosyops","55.8","40.4","15.4","Brontotheriidae","Perissodactyla"
"Machaeroides","55.8","46.2","9.59999999999999","Oxyaenidae","Creodonta"
"Sciuravus","55.8","37.2","18.6","Sciuravidae","Rodentia"
"Minippus","55.8","50.3","5.5","Equidae","Perissodactyla"
"Centetodon","55.8","20.43","35.37","Geolabididae","Lipotyphla"
"Dartonius","55.8","50.3","5.5","Erinaceidae","Lipotyphla"
"Teilhardina","55.8","48.6","7.2","Omomyidae","Primates"
"Washakius","55.8","37.2","18.6","Omomyidae","Primates"
"Eotitanops","55.8","46.2","9.59999999999999","Brontotheriidae","Perissodactyla"
"Chalicomomys","55.8","50.3","5.5","Micromomyidae","Primates"
"Hapalodectes","55.8","48.6","7.2","Hapalodectidae","Acreodi"
"Peratherium","55.8","37.2","18.6","Herpetotheriidae","Marsupialia"
"Auroralestes","55.8","50.3","5.5","Erinaceidae","Lipotyphla"
"Picromomys","55.8","50.3","5.5","Picromomyidae","Primates"
"Batodonoides","55.8","37.2","18.6","Geolabididae","Lipotyphla"
"Steinius","55.8","50.3","5.5","Omomyidae","Primates"
"Megalesthonyx","55.8","46.2","9.59999999999999","Esthonychidae","Cimolesta"
"Strigorhysis","55.8","46.2","9.59999999999999","Omomyidae","Primates"
"Galecyon","55.8","50.3","5.5","Hyaenodontidae","Hyaenodonta"
"Chlororhysis","55.8","50.3","5.5","Omomyidae","Primates"
"Dawsonomys","55.8","50.3","5.5","Cylindrodontidae","Rodentia"
"Esteslestes","55.8","50.3","5.5","Didelphidae","Didelphimorphia"
"Bathyopsis","55.8","46.2","9.59999999999999","Uintatheriidae","Dinocerata"
"Tuscahomys","55.8","48.6","7.2","Cylindrodontidae","Rodentia"
"Naranius","55.8","50.3","5.5","Cimolestidae","Cimolesta"
"Eoryctes","55.8","50.3","5.5","Palaeoryctidae","Cimolesta"
"Asiabradypus","55.8","50.3","5.5","Mylodontidae","Xenarthra"
"Trogosus","55.8","46.2","9.59999999999999","Esthonychidae","Cimolesta"
"Orohippus","55.8","40.4","15.4","Equidae","Perissodactyla"
"Shoshonius","55.8","46.2","9.59999999999999","Omomyidae","Primates"
"Megadelphus","55.8","46.2","9.59999999999999","Microsyopidae","Primates"
"Artimonius","55.8","46.2","9.59999999999999","Omomyidae","Primates"
"Honrovits","55.8","50.3","5.5","Natalidae","Chiroptera"
"Hemiacodon","55.8","40.4","15.4","Omomyidae","Primates"
"Alveojunctus","55.8","40.4","15.4","Picromomyidae","Primates"
"Elwynella","55.8","46.2","9.59999999999999","Paromomyidae","Primates"
"Ageina","55.8","46.2","9.59999999999999","Natalidae","Chiroptera"
"Smilodectes","50.3","46.2","4.09999999999999","Notharctidae","Primates"
"Homacodon","50.3","40.4","9.9","Homacodontidae","Artiodactyla"
"Anaptomorphus","50.3","46.2","4.09999999999999","Omomyidae","Primates"
"Quadratomus","50.3","37.2","13.1","Ischyromyidae","Rodentia"
"Uintatherium","50.3","40.4","9.9","Uintatheriidae","Dinocerata"
"Gazinius","50.3","46.2","4.09999999999999","Omomyidae","Primates"
"Leptotomus","56","33.9","22.1","Ischyromyidae","Rodentia"
"Limnocyon","50.3","40.4","9.9","Hyaenodontidae","Hyaenodonta"
"Microsus","50.3","46.2","4.09999999999999","Homacodontidae","Artiodactyla"
"Uintanius","50.3","46.2","4.09999999999999","Omomyidae","Primates"
"Pantolestes","50.3","33.9","16.4","Pantolestidae","Proteutheria"
"Pseudotomus","50.3","33.9","16.4","Paramyidae","Rodentia"
"Miocyon","50.3","37.2","13.1","Miacidae","Carnivora"
"Patriofelis","50.3","40.4","9.9","Oxyaenidae","Creodonta"
"Telmatherium","50.3","37.2","13.1","Brontotheriidae","Perissodactyla"
"Mesatirhinus","50.3","40.4","9.9","Brontotheriidae","Perissodactyla"
"Mesonyx","50.3","40.4","9.9","Mesonychidae","Acreodi"
"Xylotitan","50.3","46.2","4.09999999999999","Brontotheriidae","Perissodactyla"
"Aycrossia","50.3","46.2","4.09999999999999","Omomyidae","Primates"
"Armintomys","50.3","46.2","4.09999999999999","Armintomyidae","Rodentia"
"Marsholestes","50.3","46.2","4.09999999999999","Geolabididae","Lipotyphla"
"Taxymys","50.3","46.2","4.09999999999999","Sciuravidae","Rodentia"
"Tillomys","50.3","46.2","4.09999999999999","Sciuravidae","Rodentia"
"Proviverroides","50.3","46.2","4.09999999999999","Hyaenodontidae","Hyaenodonta"
"Hapalorestes","50.3","46.2","4.09999999999999","Hapalodectidae","Acreodi"
"Mysops","50.3","40.4","9.9","Cylindrodontidae","Rodentia"
"Neodiacodexis","50.3","46.2","4.09999999999999","Diacodexeidae","Artiodactyla"
"Harpagolestes","50.3","37.2","13.1","Mesonychidae","Acreodi"
"Dilophodon","50.3","40.4","9.9","Tapiridae","Perissodactyla"
"Tillodon","50.3","46.2","4.09999999999999","Esthonychidae","Cimolesta"
"Crypholestes","50.3","37.2","13.1","Amphilemuridae","Macroscelidea"
"Utahia","50.3","46.2","4.09999999999999","Omomyidae","Primates"
"Wyomomys","50.3","46.2","4.09999999999999","Omomyidae","Primates"
"Ageitodendron","50.3","46.2","4.09999999999999","Omomyidae","Primates"
"Sphacorhysis","50.3","46.2","4.09999999999999","Omomyidae","Primates"
"Amynodon","46.2","37.2","9","Amynodontidae","Perissodactyla"
"Metarhinus","46.2","40.4","5.8","Brontotheriidae","Perissodactyla"
"Duchesneodus","56","33.9","22.1","Brontotheriidae","Perissodactyla"
"Rapamys","46.2","37.2","9","Ischyromyidae","Rodentia"
"Spurimus","46.2","33.9","12.3","Allomyidae","Rodentia"
"Pseudocylindrodon","46.2","33.3","12.9","Cylindrodontidae","Rodentia"
"Mytonolagus","46.2","37.2","9","Leporidae","Lagomorpha"
"Macrotarsius","46.2","37.2","9","Omomyidae","Primates"
"Epihippus","46.2","37.2","9","Equidae","Perissodactyla"
"Heteraletes","46.2","37.2","9","Tapiridae","Perissodactyla"
"Colodon","46.2","30.8","15.4","Tapiridae","Perissodactyla"
"Epitriplopus","46.2","40.4","5.8","Hyracodontidae","Perissodactyla"
"Protoreodon","46.2","33.9","12.3","Agriochoeridae","Artiodactyla"
"Diplobunops","46.2","33.9","12.3","Agriochoeridae","Artiodactyla"
"Malaquiferus","46.2","33.9","12.3","Oromerycidae","Artiodactyla"
"Leptotragulus","46.2","33.9","12.3","Protoceratidae","Artiodactyla"
"Leptoreodon","46.2","37.2","9","Protoceratidae","Artiodactyla"
"Ankylodon","46.2","26.3","19.9","Amphilemuridae","Macroscelidea"
"Ourayia","46.2","40.4","5.8","Omomyidae","Primates"
"Chumashius","46.2","33.9","12.3","Omomyidae","Primates"
"Anomoemys","46.2","37.2","9","Cylindrodontidae","Rodentia"
"Auxontodon","46.2","40.4","5.8","Homacodontidae","Artiodactyla"
"Poabromylus","46.2","33.9","12.3","Protoceratidae","Artiodactyla"
"Sespedectes","46.2","37.2","9","Amphilemuridae","Macroscelidea"
"Proterixoides","46.2","37.2","9","Amphilemuridae","Macroscelidea"
"Simimys","56","33.9","22.1","Simimyidae","Rodentia"
"Pareumys","56","33.9","22.1","Cylindrodontidae","Rodentia"
"Presbymys","46.2","37.2","9","Protoptychidae","Rodentia"
"Metanoiamys","56","33.9","22.1","Eomyidae","Rodentia"
"Dyseolemur","46.2","37.2","9","Omomyidae","Primates"
"Simimeryx","46.2","37.2","9","Praetragulidae","Artiodactyla"
"Protylopus","46.2","37.2","9","Oromerycidae","Artiodactyla"
"Plesiocolopirus","46.2","37.2","9","Tapiridae","Perissodactyla"
"Metamynodon","46.2","23.03","23.17","Amynodontidae","Perissodactyla"
"Toromeryx","46.2","40.4","5.8","Protoceratidae","Artiodactyla"
"Notiotitanops","46.2","38","8.2","Brontotheriidae","Perissodactyla"
"Laredochoerus","46.2","40.4","5.8","Leptochoeridae","Artiodactyla"
"Microeutypomys","46.2","37.2","9","Eutypomyidae","Rodentia"
"Laredomys","46.2","40.4","5.8","Laredomyidae","Rodentia"
"Prolapsus","46.2","33.9","12.3","Sciuravidae","Rodentia"
"Eobasileus","46.2","40.4","5.8","Uintatheriidae","Dinocerata"
"Eomoropus","46.2","40.4","5.8","Chalicotheriidae","Perissodactyla"
"Triplopus","46.2","37.2","9","Hyracodontidae","Perissodactyla"
"Tapochoerus","46.2","40.4","5.8","Diacodexeidae","Artiodactyla"
"Chipetaia","46.2","40.4","5.8","Omomyidae","Primates"
"Mesomeryx","46.2","40.4","5.8","Homacodontidae","Artiodactyla"
"Duchesnehippus","46.2","37.2","9","Equidae","Perissodactyla"
"Ischyromys","46.2","30.8","15.4","Ischyromyidae","Rodentia"
"Hyracodon","46.2","20.43","25.77","Hyracodontidae","Perissodactyla"
"Eohaplomys","46.2","40.4","5.8","Ischyromyidae","Rodentia"
"Paradjidaumo","46.2","30.8","15.4","Eomyidae","Rodentia"
"Apataelurus","46.2","40.4","5.8","Oxyaenidae","Creodonta"
"Ibarus","46.2","40.4","5.8","Leptochoeridae","Artiodactyla"
"Parahyus","46.2","40.4","5.8","Achaenodontidae","Artiodactyla"
"Protoptychus","46.2","40.4","5.8","Protoptychidae","Rodentia"
"Oxyaenodon","46.2","40.4","5.8","Hyaenodontidae","Hyaenodonta"
"Bunomeryx","46.2","40.4","5.8","Homacodontidae","Artiodactyla"
"Hylomeryx","46.2","40.4","5.8","Homacodontidae","Artiodactyla"
"Pseudodiplacodon","46.2","37.2","9","Brontotheriidae","Perissodactyla"
"Metatelmatherium","46.2","40.4","5.8","Brontotheriidae","Perissodactyla"
"Protitanotherium","46.2","40.4","5.8","Brontotheriidae","Perissodactyla"
"Amynodontopsis","46.2","33.9","12.3","Amynodontidae","Perissodactyla"
"Poebrodon","46.2","40.4","5.8","Camelidae","Artiodactyla"
"Pentacemylus","46.2","40.4","5.8","Homacodontidae","Artiodactyla"
"Pollyosbornia","46.2","40.4","5.8","Brontotheriidae","Perissodactyla"
"Guanajuatomys","50.3","40.4","9.9","Sciuravidae","Rodentia"
"Oromeryx","46.2","37.2","9","Oromerycidae","Artiodactyla"
"Proviverra","46.2","40.4","5.8","Hyaenodontidae","Hyaenodonta"
"Uintaceras","46.2","40.4","5.8","Rhinocerotidae","Perissodactyla"
"Mytonomeryx","46.2","40.4","5.8","Homacodontidae","Artiodactyla"
"Janimus","46.2","37.2","9","Eutypomyidae","Rodentia"
"Diplacodon","46.2","40.4","5.8","Brontotheriidae","Perissodactyla"
"Texodon","46.2","40.4","5.8","Homacodontidae","Artiodactyla"
"Patriolestes","46.2","37.2","9","Amphilemuridae","Macroscelidea"
"Hendryomeryx","46.2","33.3","12.9","Leptomerycidae","Artiodactyla"
"Wallia","46.2","33.9","12.3","Molossidae","Chiroptera"
"Hesperocyon","46.2","20.43","25.77","Canidae","Carnivora"
"Churcheria","46.2","37.2","9","Ischyromyidae","Rodentia"
"Protadjidaumo","46.2","33.9","12.3","Eomyidae","Rodentia"
"Desmatolagus","46.2","15.97","30.23","Leporidae","Lagomorpha"
"Tarka","46.2","40.4","5.8","Omomyidae","Primates"
"Hessolestes","46.2","37.2","9","Mesonychidae","Acreodi"
"Megalamynodon","46.2","40.4","5.8","Amynodontidae","Perissodactyla"
"Sthenodectes","46.2","40.4","5.8","Brontotheriidae","Perissodactyla"
"Sphenocoelus","46.2","40.4","5.8","Brontotheriidae","Perissodactyla"
"Neovulpavus","46.2","40.4","5.8","Canidae","Carnivora"
"Stockia","46.2","40.4","5.8","Omomyidae","Primates"
"Merycobunodon","46.2","40.4","5.8","Oromerycidae","Artiodactyla"
"Uriscus","46.2","40.4","5.8","Reithroparamyidae","Rodentia"
"Craseops","46.2","40.4","5.8","Microsyopidae","Primates"
"Yaquius","46.2","40.4","5.8","Omomyidae","Primates"
"Tapomys","46.2","40.4","5.8","Ischyromyidae","Rodentia"
"Hyaenodon","46.2","20.43","25.77","Hyaenodontidae","Hyaenodonta"
"Eotylopus","40.4","33.9","6.5","Oromerycidae","Artiodactyla"
"Heliscomys","40.4","15.97","24.43","Heliscomyidae","Rodentia"
"Simiacritomys","40.4","37.2","3.2","Zapodidae","Rodentia"
"Aclistomycter","40.4","33.9","6.5","Merycoidodontidae","Artiodactyla"
"Angelarctocyon","40.4","37.2","3.2","Amphicyonidae","Carnivora"
"Amphilemur","40.4","37.2","3.2","Amphilemuridae","Macroscelidea"
"Daphoenus","40.4","15.97","24.43","Amphicyonidae","Carnivora"
"Hemipsalodon","40.4","33.9","6.5","Hyainailouridae","Hyaenodonta"
"Eutypomys","40.4","20.43","19.97","Eutypomyidae","Rodentia"
"Ischnognathus","40.4","37.2","3.2","Hyaenodontidae","Hyaenodonta"
"Haplohippus","40.4","37.2","3.2","Equidae","Perissodactyla"
"Mesohippus","40.4","30.8","9.6","Equidae","Perissodactyla"
"Menops","40.4","33.9","6.5","Brontotheriidae","Perissodactyla"
"Brachyhyops","46.2","33.9","12.3","Entelodontidae","Artiodactyla"
"Agriochoerus","40.4","20.43","19.97","Agriochoeridae","Artiodactyla"
"Pseudoprotoceras","40.4","33.9","6.5","Protoceratidae","Artiodactyla"
"Heteromeryx","40.4","33.9","6.5","Protoceratidae","Artiodactyla"
"Daphoenictis","40.4","33.9","6.5","Amphicyonidae","Carnivora"
"Penetrigonias","40.4","30.8","9.6","Rhinocerotidae","Perissodactyla"
"Adjidaumo","40.4","30.8","9.6","Eomyidae","Rodentia"
"Aulolithomys","40.4","33.9","6.5","Eomyidae","Rodentia"
"Litoyoderimys","40.4","33.9","6.5","Eomyidae","Rodentia"
"Hypertragulus","40.4","15.97","24.43","Hypertragulidae","Artiodactyla"
"Trigonias","40.4","33.3","7.1","Rhinocerotidae","Perissodactyla"
"Copedelphys","40.4","33.3","7.1","Herpetotheriidae","Marsupialia"
"Megalagus","40.4","15.97","24.43","Leporidae","Lagomorpha"
"Palaeolagus","40.4","15.97","24.43","Leporidae","Lagomorpha"
"Ardynomys","40.4","33.9","6.5","Cylindrodontidae","Rodentia"
"Zaisanamynodon","40.4","37.2","3.2","Amynodontidae","Perissodactyla"
"Teletaceras","40.4","33.9","6.5","Rhinocerotidae","Perissodactyla"
"Protitanops","40.4","33.9","6.5","Brontotheriidae","Perissodactyla"
"Heptacodon","48.6","30.8","17.8","Anthracotheriidae","Artiodactyla"
"Sinclairella","40.4","30.8","9.6","Apatemyidae","Insectivora"
"Eumys","40.4","20.43","19.97","Cricetidae","Rodentia"
"Pipestoneomys","40.4","33.9","6.5","Pipestoneomyidae","Rodentia"
"Tachylagus","40.4","37.2","3.2","Leporidae","Lagomorpha"
"Prosciurus","40.4","24.8","15.6","Aplodontidae","Rodentia"
"Viejadjidaumo","40.4","37.2","3.2","Eomyidae","Rodentia"
"Cristadjidaumo","40.4","33.9","6.5","Eomyidae","Rodentia"
"Orelladjidaumo","40.4","33.3","7.1","Eomyidae","Rodentia"
"Passaliscomys","40.4","37.2","3.2","Heliscomyidae","Rodentia"
"Aepinacodon","40.4","33.9","6.5","Anthracotheriidae","Artiodactyla"
"Parictis","37.2","33.3","3.90000000000001","Ursidae","Carnivora"
"Brachyrhynchocyon","37.2","33.3","3.90000000000001","Amphicyonidae","Carnivora"
"Eusmilus","37.2","33.3","3.90000000000001","Nimravidae","Carnivora"
"Subhyracodon","37.2","15.97","21.23","Rhinocerotidae","Perissodactyla"
"Scaptohyus","37.2","30.8","6.4","Entelodontidae","Artiodactyla"
"Archaeotherium","37.2","15.97","21.23","Entelodontidae","Artiodactyla"
"Perchoerus","37.2","30.8","6.4","Tayassuidae","Artiodactyla"
"Merycoidodon","37.2","15.97","21.23","Merycoidodontidae","Artiodactyla"
"Miniochoerus","37.2","30.8","6.4","Merycoidodontidae","Artiodactyla"
"Poebrotherium","37.2","13.6","23.6","Camelidae","Artiodactyla"
"Bathygenys","37.2","33.3","3.90000000000001","Merycoidodontidae","Artiodactyla"
"Limnenetes","37.2","33.9","3.3","Merycoidodontidae","Artiodactyla"
"Parvitragulus","37.2","33.9","3.3","Praetragulidae","Artiodactyla"
"Leptomeryx","40.4","20.43","19.97","Leptomerycidae","Artiodactyla"
"Brontops","37.2","33.9","3.3","Brontotheriidae","Perissodactyla"
"Cylindrodon","40.4","33.9","6.5","Cylindrodontidae","Rodentia"
"Megacerops","37.2","33.9","3.3","Brontotheriidae","Perissodactyla"
"Symborodon","37.2","33.9","3.3","Brontotheriidae","Perissodactyla"
"Oreonetes","37.2","33.9","3.3","Merycoidodontidae","Artiodactyla"
"Douglassciurus","37.2","30.8","6.4","Sciuridae","Rodentia"
"Centimanomys","37.2","33.9","3.3","Eomyidae","Rodentia"
"Zemiodontomys","37.2","33.9","3.3","Eomyidae","Rodentia"
"Hypisodus","37.2","26.3","10.9","Hypisodontidae","Artiodactyla"
"Dinictis","37.2","20.43","16.77","Nimravidae","Carnivora"
"Hoplophoneus","37.2","20.43","16.77","Nimravidae","Carnivora"
"Miohippus","37.2","15.97","21.23","Equidae","Perissodactyla"
"Stibarus","37.2","15.97","21.23","Leptochoeridae","Artiodactyla"
"Bothriodon","37.2","33.3","3.90000000000001","Anthracotheriidae","Artiodactyla"
"Trigenicus","37.2","33.9","3.3","Protoceratidae","Artiodactyla"
"Yoderimys","37.2","33.9","3.3","Eomyidae","Rodentia"
"Cupressimus","37.2","33.9","3.3","Eomyidae","Rodentia"
"Cedromus","37.2","20.43","16.77","Sciuridae","Rodentia"
"Leptochoerus","37.2","26.3","10.9","Leptochoeridae","Artiodactyla"
"Chadronia","37.2","33.9","3.3","Pantolestidae","Proteutheria"
"Chadronycteris","37.2","33.9","3.3","Vespertilionidae","Chiroptera"
"Oligospermophilus","37.2","30.8","6.4","Sciuridae","Rodentia"
"Chadrolagus","37.2","33.9","3.3","Leporidae","Lagomorpha"
"Namatomys","37.2","33.3","3.90000000000001","Eomyidae","Rodentia"
"Pipestoneia","37.2","33.9","3.3","Leptomerycidae","Artiodactyla"
"Hesperopetes","37.2","20.43","16.77","Sciuridae","Rodentia"
"Patriomanis","37.2","33.9","3.3","Patriomanidae","Pholidota"
"Agnotocastor","37.2","20.43","16.77","Castoridae","Rodentia"
"Megachoerus","37.2","24.8","12.4","Entelodontidae","Artiodactyla"
"Paratylopus","37.2","15.97","21.23","Camelidae","Artiodactyla"
"Pelycomys","37.2","33.3","3.90000000000001","Ischyromyidae","Rodentia"
"Montanatylopus","37.2","33.9","3.3","Oromerycidae","Artiodactyla"
"Triplopides","37.2","33.9","3.3","Hyracodontidae","Perissodactyla"
"Mustelavus","37.2","24.8","12.4","Mustelidae","Carnivora"
"Sciurus","37.2","0","37.2","Sciuridae","Rodentia"
"Scottimus","37.2","20.43","16.77","Cricetidae","Rodentia"
"Stehlinia","37.2","33.9","3.3","Vespertilionidae","Chiroptera"
"Paranamatomys","37.2","33.9","3.3","Eomyidae","Rodentia"
"Jaywilsonomys","37.2","33.9","3.3","Cylindrodontidae","Rodentia"
"Gustafsonia","37.2","33.9","3.3","Amphicyonidae","Carnivora"
"Diceratherium","33.9","5.333","28.567","Rhinocerotidae","Perissodactyla"
"Elomeryx","33.9","20.43","13.47","Anthracotheriidae","Artiodactyla"
"Protoceras","33.9","15.97","17.93","Protoceratidae","Artiodactyla"
"Ecclesimus","33.9","33.3","0.600000000000001","Florentiamyidae","Rodentia"
"Wilsoneumys","33.9","30.8","3.1","Cricetidae","Rodentia"
"Oligomyotis","33.9","26.3","7.6","Vespertilionidae","Chiroptera"
"Drassonax","33.9","33.3","0.600000000000001","Ursidae","Carnivora"
"Ocajila","33.9","20.43","13.47","Erinaceidae","Lipotyphla"
"Sespemys","33.9","20.43","13.47","Cylindrodontidae","Rodentia"
"Metadjidaumo","33.9","26.3","7.6","Eomyidae","Rodentia"
"Otarocyon","33.9","20.43","13.47","Canidae","Carnivora"
"Oligotheriomys","33.9","33.3","0.600000000000001","Castoridae","Rodentia"
"Leptauchenia","33.9","15.97","17.93","Merycoidodontidae","Artiodactyla"
"Mesocyon","33.9","20.43","13.47","Canidae","Carnivora"
"Osbornodon","33.9","13.6","20.3","Canidae","Carnivora"
"Litolagus","33.9","33.3","0.600000000000001","Leporidae","Lagomorpha"
"Manitsha","33.9","33.3","0.600000000000001","Paramyidae","Rodentia"
"Apletotomeus","33.9","33.3","0.600000000000001","Heliscomyidae","Rodentia"
"Protapirus","33.9","20.43","13.47","Tapiridae","Perissodactyla"
"Leptoromys","33.9","30.8","3.1","Aplodontidae","Rodentia"
"Haplomys","33.9","20.43","13.47","Allomyidae","Rodentia"
"Dakotallomys","33.9","30.8","3.1","Aplodontidae","Rodentia"
"Ansomys","33.9","13.6","20.3","Aplodontidae","Rodentia"
"Protosciurus","33.9","13.6","20.3","Sciuridae","Rodentia"
"Paradaphoenus","33.9","15.97","17.93","Amphicyonidae","Carnivora"
"Campestrallomys","33.9","20.43","13.47","Aplodontidae","Rodentia"
"Tenudomys","33.9","20.43","13.47","Geomyidae","Rodentia"
"Archaeocyon","33.3","20.43","12.87","Canidae","Carnivora"
"Merycoidodon (Anomerycoidodon)","33.3","24.8","8.5","Merycoidodontidae","Artiodactyla"
"Merycoides","33.3","15.97","17.33","Merycoidodontidae","Artiodactyla"
"Proterix","33.3","26.3","7","Erinaceidae","Lipotyphla"
"Cynodesmus","33.3","20.43","12.87","Canidae","Carnivora"
"Castor","33.3","0","33.3","Castoridae","Rodentia"
"Kirkomys","33.3","20.43","12.87","Florentiamyidae","Rodentia"
"Pogonodon","33.3","20.43","12.87","Nimravidae","Carnivora"
"Oxetocyon","33.3","30.8","2.5","Canidae","Carnivora"
"Ectopocynus","33.3","15.97","17.33","Canidae","Carnivora"
"Nanotragulus","37.2","15.97","21.23","Hypertragulidae","Artiodactyla"
"Amphicaenopus","33.3","20.43","12.87","Rhinocerotidae","Perissodactyla"
"Paraenhydrocyon","30.8","20.43","10.37","Canidae","Carnivora"
"Cynarctoides","30.8","5.333","25.467","Canidae","Carnivora"
"Phlaocyon","33.3","15.97","17.33","Canidae","Carnivora"
"Rhizocyon","30.8","20.43","10.37","Canidae","Carnivora"
"Temnocyon","33.3","20.43","12.87","Amphicyonidae","Carnivora"
"Enhydrocyon","33.3","20.43","12.87","Canidae","Carnivora"
"Allocyon","33.3","20.43","12.87","Ursidae","Carnivora"
"Thinohyus","33.3","20.43","12.87","Tayassuidae","Artiodactyla"
"Eporeodon","33.3","20.43","12.87","Merycoidodontidae","Artiodactyla"
"Matthewlabis","33.3","30.8","2.5","Camelidae","Artiodactyla"
"Leidymys","33.3","13.82","19.48","Cricetidae","Rodentia"
"Pronodens","33.3","20.43","12.87","Leptomerycidae","Artiodactyla"
"Allomys","33.3","20.43","12.87","Allomyidae","Rodentia"
"Mesoreodon","33.3","20.43","12.87","Merycoidodontidae","Artiodactyla"
"Oropyctis","33.3","30.8","2.5","Allomyidae","Rodentia"
"Geringia","30.8","20.43","10.37","Cricetidae","Rodentia"
"Promartes","30.8","5.333","25.467","Mustelidae","Carnivora"
"Mammacyon","30.8","20.43","10.37","Amphicyonidae","Carnivora"
"Leptocyon","30.8","4.9","25.9","Canidae","Carnivora"
"Promerycochoerus","30.8","15.97","14.83","Merycoidodontidae","Artiodactyla"
"Oreodontoides","30.8","20.43","10.37","Merycoidodontidae","Artiodactyla"
"Desmatochoerus","30.8","15.97","14.83","Merycoidodontidae","Artiodactyla"
"Gregorymys","37.2","5.333","31.867","Geomyidae","Rodentia"
"Parahippus","30.8","5.333","25.467","Equidae","Perissodactyla"
"Merycochoerus","30.8","5.333","25.467","Merycoidodontidae","Artiodactyla"
"Steneofiber","30.8","15.97","14.83","Castoridae","Rodentia"
"Cormocyon","30.8","5.333","25.467","Canidae","Carnivora"
"Nimravus","30.8","20.43","10.37","Nimravidae","Carnivora"
"Fossorcastor","30.8","20.43","10.37","Castoridae","Rodentia"
"Arretotherium","30.8","5.333","25.467","Anthracotheriidae","Artiodactyla"
"Pleurolicus","30.8","15.97","14.83","Geomyidae","Rodentia"
"Sespia","30.8","20.43","10.37","Merycoidodontidae","Artiodactyla"
"Niglarodon","30.8","20.43","10.37","Aplodontidae","Rodentia"
"Palaeocastor","33.3","20.43","12.87","Castoridae","Rodentia"
"Stenomylus","30.8","5.333","25.467","Camelidae","Artiodactyla"
"Protospermophilus","30.8","5.333","25.467","Sciuridae","Rodentia"
"Sanctimus","30.8","15.97","14.83","Florentiamyidae","Rodentia"
"Moropus","30.8","5.333","25.467","Chalicotheriidae","Perissodactyla"
"Paramerychyus","30.8","20.43","10.37","Merycoidodontidae","Artiodactyla"
"Pseudolabis","30.8","20.43","10.37","Camelidae","Artiodactyla"
"Miotylopus","30.8","20.43","10.37","Camelidae","Artiodactyla"
"Parvericius","30.8","5.333","25.467","Erinaceidae","Lipotyphla"
"Acheronictis","30.8","20.43","10.37","Mustelidae","Carnivora"
"Arikarictis","30.8","20.43","10.37","Mustelidae","Carnivora"
"Nothokemas","30.8","5.333","25.467","Camelidae","Artiodactyla"
"Archaeolagus","30.8","5.333","25.467","Leporidae","Lagomorpha"
"Cynorca","30.8","5.333","25.467","Tayassuidae","Artiodactyla"
"Ziamys","30.8","15.97","14.83","Geomyidae","Rodentia"
"Merychyus","30.8","4.9","25.9","Merycoidodontidae","Artiodactyla"
"Caedocyon","30.8","20.43","10.37","Canidae","Carnivora"
"Proharrymys","33.3","20.43","12.87","Heteromyidae","Rodentia"
"Proheteromys","30.8","5.333","25.467","Heteromyidae","Rodentia"
"Ekgmowechashala","30.8","20.43","10.37","Ekgmowechashalidae","Primates"
"Schaubeumys","30.8","10.3","20.5","Zapodidae","Rodentia"
"Meniscomys","30.8","20.43","10.37","Aplodontidae","Rodentia"
"Tylionomys","30.8","20.43","10.37","Heliscomyidae","Rodentia"
"Dinaelurus","30.8","20.43","10.37","Nimravidae","Carnivora"
"Lepus","30.8","0","30.8","Leporidae","Lagomorpha"
"Kalobatippus","30.8","5.333","25.467","Equidae","Perissodactyla"
"Hitonkala","30.8","20.43","10.37","Florentiamyidae","Rodentia"
"Nototamias","30.8","5.333","25.467","Sciuridae","Rodentia"
"Oxydactylus","30.8","5.333","25.467","Camelidae","Artiodactyla"
"Crucimys","30.8","24.8","6","Mylagaulidae","Rodentia"
"Downsimus","30.8","20.43","10.37","Allomyidae","Rodentia"
"Trilaccogaulus","30.8","20.43","10.37","Mylagaulidae","Rodentia"
"Paciculus","33.3","2.588","30.712","Cricetidae","Rodentia"
"Pseudotheridomys","26.3","5.333","20.967","Eomyidae","Rodentia"
"Schizodontomys","30.8","15.97","14.83","Heteromyidae","Rodentia"
"Oligobunis","30.8","15.97","14.83","Mustelidae","Carnivora"
"Daphoenodon","30.8","5.333","25.467","Amphicyonidae","Carnivora"
"Paroreodon","30.8","15.97","14.83","Merycoidodontidae","Artiodactyla"
"Entoptychus","30.8","15.97","14.83","Geomyidae","Rodentia"
"Nexuotapirus","30.8","15.97","14.83","Tapiridae","Perissodactyla"
"Capacikala","30.8","20.43","10.37","Castoridae","Rodentia"
"Florentiamys","30.8","15.97","14.83","Florentiamyidae","Rodentia"
"Philotrox","30.8","20.43","10.37","Canidae","Carnivora"
"Pseudoblastomeryx","30.8","5.333","25.467","Moschidae","Artiodactyla"
"Ursavus","30.8","5.333","25.467","Ursidae","Carnivora"
"Alwoodia","30.8","20.43","10.37","Allomyidae","Rodentia"
"Mystipterus","30.8","5.333","25.467","Talpidae","Lipotyphla"
"Kukusepasutanka","30.8","20.43","10.37","Anthracotheriidae","Artiodactyla"
"Amphechinus","30.8","5.333","25.467","Erinaceidae","Lipotyphla"
"Stenoechinus","30.8","5.333","25.467","Erinaceidae","Lipotyphla"
"Promylagaulus","30.8","20.43","10.37","Mylagaulidae","Rodentia"
"Gripholagomys","30.8","15.97","14.83","Ochotonidae","Lagomorpha"
"Scalopoides","30.8","4.9","25.9","Talpidae","Lipotyphla"
"Delotrochanter","26.3","20.43","5.87","Amphicyonidae","Carnivora"
"Euhapsis","30.8","20.43","10.37","Castoridae","Rodentia"
"Phenacocoelus","26.3","20.43","5.87","Merycoidodontidae","Artiodactyla"
"Zetamys","30.8","20.43","10.37","Eomyidae","Rodentia"
"Oreolagus","30.8","5.333","25.467","Ochotonidae","Lagomorpha"
"Sunkahetanka","30.8","20.43","10.37","Canidae","Carnivora"
"Hypsiops","30.8","15.97","14.83","Merycoidodontidae","Artiodactyla"
"Gentilicamelus","30.8","15.97","14.83","Camelidae","Artiodactyla"
"Dinohyus","30.8","5.333","25.467","Entelodontidae","Artiodactyla"
"Capatanka","30.8","26.3","4.5","Castoridae","Rodentia"
"Quadrodens","30.8","26.3","4.5","Talpidae","Lipotyphla"
"Leptodontomys","30.8","4.9","25.9","Eomyidae","Rodentia"
"Neatocastor","30.8","20.43","10.37","Castoridae","Rodentia"
"Harrymys","30.8","5.333","25.467","Heteromyidae","Rodentia"
"Desmatippus","30.8","5.333","25.467","Equidae","Perissodactyla"
"Dikkomys","24.8","5.333","19.467","Heteromyidae","Rodentia"
"Desmocyon","30.8","5.333","25.467","Canidae","Carnivora"
"Merycodus","24.8","4.9","19.9","Antilocapridae","Artiodactyla"
"Brachyerix","24.8","5.333","19.467","Erinaceidae","Lipotyphla"
"Syndyoceras","24.8","20.43","4.37","Protoceratidae","Artiodactyla"
"Michenia","30.8","5.333","25.467","Camelidae","Artiodactyla"
"Machaeromeryx","30.8","15.97","14.83","Moschidae","Artiodactyla"
"Menoceras","30.8","5.333","25.467","Rhinocerotidae","Perissodactyla"
"Aletomeryx","24.8","13.6","11.2","Palaeomerycidae","Artiodactyla"
"Ysengrinia","30.8","15.97","14.83","Amphicyonidae","Carnivora"
"Cynelos","30.8","5.333","25.467","Amphicyonidae","Carnivora"
"Cephalogale","24.8","15.97","8.83","Ursidae","Carnivora"
"Megalictis","24.8","20.43","4.37","Mustelidae","Carnivora"
"Hesperomys","30.8","0","30.8","Hesperomyidae","Rodentia"
"Barbouromeryx","24.8","15.97","8.83","Palaeomerycidae","Artiodactyla"
"Problastomeryx","24.8","5.333","19.467","Moschidae","Artiodactyla"
"Desmathyus","24.8","5.333","19.467","Tayassuidae","Artiodactyla"
"Similisciurus","24.8","20.43","4.37","Sciuridae","Rodentia"
"Priscocamelus","24.8","20.43","4.37","Camelidae","Artiodactyla"
"Delahomeryx","24.8","20.43","4.37","Camelidae","Artiodactyla"
"Aguascalientia","30.8","5.333","25.467","Camelidae","Artiodactyla"
"Galbreathia","24.8","13.6","11.2","Mylagaulidae","Rodentia"
"Submerycochoerus","24.8","20.43","4.37","Merycoidodontidae","Artiodactyla"
"Tanymykter","30.8","5.333","25.467","Camelidae","Artiodactyla"
"Zodiolestes","24.8","15.97","8.83","Mustelidae","Carnivora"
"Protolabis","30.8","4.9","25.9","Camelidae","Artiodactyla"
"Parallomys","26.3","20.43","5.87","Allomyidae","Rodentia"
"Arikareeomys","28.1","20.43","7.67","Eomyidae","Rodentia"
"Miolabis","30.8","4.9","25.9","Camelidae","Artiodactyla"
"Miotapirus","24.8","13.6","11.2","Tapiridae","Perissodactyla"
"Pseudopalaeocastor","24.8","20.43","4.37","Castoridae","Rodentia"
"Daphoenodon (Borocyon)","24.8","5.333","19.467","Amphicyonidae","Carnivora"
"Trogomys","30.8","13.6","17.2","Heteromyidae","Rodentia"
"Floridictis","24.8","15.97","8.83","Mustelidae","Carnivora"
"Metatomarctus","23.03","5.333","17.697","Canidae","Carnivora"
"Protomarctus","23.03","5.333","17.697","Canidae","Carnivora"
"Blastomeryx","30.8","10.3","20.5","Moschidae","Artiodactyla"
"Archaeohippus","30.8","5.333","25.467","Equidae","Perissodactyla"
"Pseudoparablastomeryx","23.03","5.333","17.697","Leptomerycidae","Artiodactyla"
"Tylocephalonyx","23.03","5.333","17.697","Chalicotheriidae","Perissodactyla"
"Bouromeryx","23.03","4.9","18.13","Palaeomerycidae","Artiodactyla"
"Paracynarctus","23.03","5.333","17.697","Canidae","Carnivora"
"Alphagaulus","23.03","5.333","17.697","Mylagaulidae","Rodentia"
"Miospermophilus","30.8","10.3","20.5","Sciuridae","Rodentia"
"Hibbarderix","20.43","15.97","4.46","Erinaceidae","Lipotyphla"
"Tomarctus","23.03","5.333","17.697","Canidae","Carnivora"
"Pliocyon","23.03","5.333","17.697","Amphicyonidae","Carnivora"
"Amphicyon","23.03","5.333","17.697","Amphicyonidae","Carnivora"
"Anchitherium","37.2","5.333","31.867","Equidae","Perissodactyla"
"Hypohippus","23.03","4.9","18.13","Equidae","Perissodactyla"
"Merychippus","23.03","2.588","20.442","Equidae","Perissodactyla"
"Paracosoryx","23.03","5.333","17.697","Antilocapridae","Artiodactyla"
"Hypolagus","23.03","0.3","22.73","Leporidae","Lagomorpha"
"Cupidinimus","24.8","1.8","23","Heteromyidae","Rodentia"
"Phelosaccomys","20.43","10.3","10.13","Geomyidae","Rodentia"
"Myotis","30.8","0","30.8","Vespertilionidae","Chiroptera"
"Mesogaulus","24.8","5.333","19.467","Mylagaulidae","Rodentia"
"Stratimus","20.43","15.97","4.46","Heteromyidae","Rodentia"
"Yatkolamys","20.43","15.97","4.46","Cricetidae","Rodentia"
"Acritohippus","23.03","5.333","17.697","Equidae","Perissodactyla"
"Aphelops","23.03","0.3","22.73","Rhinocerotidae","Perissodactyla"
"Galushaceras","20.43","15.97","4.46","Rhinocerotidae","Perissodactyla"
"Brachycrus","23.03","5.333","17.697","Merycoidodontidae","Artiodactyla"
"Sinclairomeryx","20.43","13.6","6.83","Palaeomerycidae","Artiodactyla"
"Edaphocyon","23.03","5.333","17.697","Procyonidae","Carnivora"
"Anchitheriomys","23.03","5.333","17.697","Castoridae","Rodentia"
"Microtomarctus","23.03","5.333","17.697","Canidae","Carnivora"
"Mionictis","20.43","4.9","15.53","Mustelidae","Carnivora"
"Ticholeptus","24.8","5.333","19.467","Merycoidodontidae","Artiodactyla"
"Dromomeryx","23.03","5.333","17.697","Palaeomerycidae","Artiodactyla"
"Monosaulax","23.03","5.333","17.697","Castoridae","Rodentia"
"Euoplocyon","20.43","13.6","6.83","Canidae","Carnivora"
"Psalidocyon","20.43","13.6","6.83","Canidae","Carnivora"
"Prosthennops","23.03","4.9","18.13","Tayassuidae","Artiodactyla"
"Lambdoceras","23.03","5.333","17.697","Protoceratidae","Artiodactyla"
"Aelurodon","23.03","4.9","18.13","Canidae","Carnivora"
"Cormohipparion","23.03","1.8","21.23","Equidae","Perissodactyla"
"Calippus","23.03","1.8","21.23","Equidae","Perissodactyla"
"Aepycamelus","23.03","1.8","21.23","Camelidae","Artiodactyla"
"Hesperhys","30.8","11.62","19.18","Tayassuidae","Artiodactyla"
"Prosynthetoceras","23.03","5.333","17.697","Protoceratidae","Artiodactyla"
"Peridiomys","20.43","13.6","6.83","Heteromyidae","Rodentia"
"Pterogaulus","20.43","10.3","10.13","Mylagaulidae","Rodentia"
"Leptarctus","23.03","4.9","18.13","Mustelidae","Carnivora"
"Submeryceros","20.43","13.6","6.83","Antilocapridae","Artiodactyla"
"Subdromomeryx","23.03","5.333","17.697","Palaeomerycidae","Artiodactyla"
"Rudiomys","20.43","15.97","4.46","Allomyidae","Rodentia"
"Fanimus","20.43","15.97","4.46","Florentiamyidae","Rodentia"
"Priusaulax","24.8","5.333","19.467","Castoridae","Rodentia"
"Hystricops","23.03","4.9","18.13","Castoridae","Rodentia"
"Euroxenomys","20.43","13.6","6.83","Castoridae","Rodentia"
"Teleoceras","23.03","1.8","21.23","Rhinocerotidae","Perissodactyla"
"Peraceras","23.03","5.333","17.697","Rhinocerotidae","Perissodactyla"
"Bassariscus","23.03","0","23.03","Procyonidae","Carnivora"
"Paramiolabis","23.03","5.333","17.697","Camelidae","Artiodactyla"
"Mediochoerus","20.43","13.6","6.83","Merycoidodontidae","Artiodactyla"
"Metechinus","23.03","5.333","17.697","Erinaceidae","Lipotyphla"
"Umbogaulus","15.97","13.6","2.37","Mylagaulidae","Rodentia"
"Arctonasua","15.97","4.9","11.07","Procyonidae","Carnivora"
"Probassariscus","15.97","13.6","2.37","Procyonidae","Carnivora"
"Drepanomeryx","20.43","4.9","15.53","Palaeomerycidae","Artiodactyla"
"Brachypsalis","23.03","5.333","17.697","Mustelidae","Carnivora"
"Plionictis","20.43","4.9","15.53","Mustelidae","Carnivora"
"Miomustela","23.03","5.333","17.697","Mustelidae","Carnivora"
"Cranioceras","23.03","4.9","18.13","Palaeomerycidae","Artiodactyla"
"Rakomeryx","23.03","5.333","17.697","Palaeomerycidae","Artiodactyla"
"Sthenictis","23.03","4.9","18.13","Mustelidae","Carnivora"
"Dinogale","20.43","15.97","4.46","Mustelidae","Carnivora"
"Sciurion","20.43","15.97","4.46","Sciuridae","Rodentia"
"Parablastomeryx","20.43","10.3","10.13","Moschidae","Artiodactyla"
"Pseudocyon","20.43","10.3","10.13","Amphicyonidae","Carnivora"
"Procamelus","23.03","4.9","18.13","Camelidae","Artiodactyla"
"Marshochoerus","30.8","13.6","17.2","Tayassuidae","Artiodactyla"
"Epicyon","23.03","4.9","18.13","Canidae","Carnivora"
"Hippotherium","23.03","4.9","18.13","Equidae","Perissodactyla"
"Untermannerix","15.97","10.3","5.67","Erinaceidae","Lipotyphla"
"Domninoides","23.03","4.9","18.13","Talpidae","Lipotyphla"
"Hesperolagomys","23.03","5.333","17.697","Ochotonidae","Lagomorpha"
"Russellagus","23.03","5.333","17.697","Ochotonidae","Lagomorpha"
"Eucastor","23.03","4.9","18.13","Castoridae","Rodentia"
"Megasminthus","23.03","5.333","17.697","Zapodidae","Rodentia"
"Perognathus","23.03","0","23.03","Heteromyidae","Rodentia"
"Mioheteromys","23.03","5.333","17.697","Heteromyidae","Rodentia"
"Parapliosaccomys","15.97","4.9","11.07","Geomyidae","Rodentia"
"Lignimus","23.03","5.333","17.697","Heteromyidae","Rodentia"
"Copemys","23.03","1.8","21.23","Cricetidae","Rodentia"
"Megahippus","23.03","5.333","17.697","Equidae","Perissodactyla"
"Ustatochoerus","30.8","4.9","25.9","Merycoidodontidae","Artiodactyla"
"Amebelodon","23.03","4.9","18.13","Gomphotheriidae","Proboscidea"
"Sphenophalos","23.03","4.9","18.13","Antilocapridae","Artiodactyla"
"Potamonycteris","15.97","13.6","2.37","Vespertilionidae","Chiroptera"
"Gomphotherium","23.03","0.0117","23.0183","Gomphotheriidae","Proboscidea"
"Protohippus","23.03","4.9","18.13","Equidae","Perissodactyla"
"Spermophilus","23.03","0","23.03","Sciuridae","Rodentia"
"Megalonyx","10.3","0","10.3","Megalonychidae","Xenarthra"
"Borophagus","23.03","1.8","21.23","Canidae","Carnivora"
"Amphimachairodus","23.03","2.588","20.442","Felidae","Carnivora"
"Mammut","23.03","0","23.03","Mammutidae","Proboscidea"
"Nannippus","23.03","0.3","22.73","Equidae","Perissodactyla"
"Dinohippus","23.03","1.8","21.23","Equidae","Perissodactyla"
"Texoceros","23.03","4.9","18.13","Antilocapridae","Artiodactyla"
"Barbourofelis","13.6","4.9","8.7","Barbourofelidae","Carnivora"
"Nimravides","23.03","4.9","18.13","Felidae","Carnivora"
"Carpocyon","23.03","4.9","18.13","Canidae","Carnivora"
"Megatylopus","23.03","0.3","22.73","Camelidae","Artiodactyla"
"Hemiauchenia","23.03","0","23.03","Camelidae","Artiodactyla"
"Yumaceras","23.03","4.9","18.13","Palaeomerycidae","Artiodactyla"
"Hipparion","23.03","4.9","18.13","Equidae","Perissodactyla"
"Neohipparion","23.03","2.588","20.442","Equidae","Perissodactyla"
"Pliohippus","23.03","0.781","22.249","Equidae","Perissodactyla"
"Gnathabelodon","23.03","5.333","17.697","Gomphotheriidae","Proboscidea"
"Machairodus","13.6","1.8","11.8","Felidae","Carnivora"
"Eucyon","23.03","1.8","21.23","Canidae","Carnivora"
"Pliotaxidea","23.03","4.9","18.13","Mustelidae","Carnivora"
"Agriotherium","23.03","1.8","21.23","Ursidae","Carnivora"
"Hexobelomeryx","23.03","1.8","21.23","Antilocapridae","Artiodactyla"
"Astrohippus","23.03","2.588","20.442","Equidae","Perissodactyla"
"Pseudhipparion","23.03","2.588","20.442","Equidae","Perissodactyla"
"Mylagaulus","23.03","4.9","18.13","Mylagaulidae","Rodentia"
"Cynarctus","23.03","4.9","18.13","Canidae","Carnivora"
"Paratomarctus","23.03","4.9","18.13","Canidae","Carnivora"
"Macrogenis","13.6","4.9","8.7","Tayassuidae","Artiodactyla"
"Longirostromeryx","23.03","4.9","18.13","Moschidae","Artiodactyla"
"Ceratogaulus","23.03","4.9","18.13","Mylagaulidae","Rodentia"
"Dipoides","23.03","0.0117","23.0183","Castoridae","Rodentia"
"Plionarctos","10.3","1.8","8.5","Ursidae","Carnivora"
"Nothodipoides","15.97","10.3","5.67","Castoridae","Rodentia"
"Ischyrocyon","23.03","4.9","18.13","Amphicyonidae","Carnivora"
"Pseudaelurus","23.03","4.9","18.13","Felidae","Carnivora"
"Cosoryx","23.03","4.9","18.13","Antilocapridae","Artiodactyla"
"Martes","15.97","0.3","15.67","Mustelidae","Carnivora"
"Pliauchenia","13.6","4.9","8.7","Camelidae","Artiodactyla"
"Cynomyoides","13.6","10.3","3.3","Sciuridae","Rodentia"
"Pseudomyscus","13.6","10.3","3.3","Cricetidae","Rodentia"
"Pliometanastes","10.3","4.9","5.4","Megalonychidae","Xenarthra"
"Thinobadistes","10.3","4.9","5.4","Mylodontidae","Xenarthra"
"Eomellivora","13.6","4.9","8.7","Mustelidae","Carnivora"
"Indarctos","23.03","4.9","18.13","Ursidae","Carnivora"
"Pseudoceras","23.03","4.9","18.13","Gelocidae","Artiodactyla"
"Osbornoceros","23.03","4.9","18.13","Antilocapridae","Artiodactyla"
"Alforjas","23.03","4.9","18.13","Camelidae","Artiodactyla"
"Pleiolama","23.03","2.588","20.442","Camelidae","Artiodactyla"
"Synthetoceras","23.03","4.9","18.13","Protoceratidae","Artiodactyla"
"Hesperoscalops","10.3","1.8","8.5","Talpidae","Lipotyphla"
"Buisnictis","10.3","1.8","8.5","Mustelidae","Carnivora"
"Felis","10.3","0","10.3","Felidae","Carnivora"
"Prodipodomys","10.3","0.3","10","Heteromyidae","Rodentia"
"Pliogeomys","10.3","1.8","8.5","Geomyidae","Rodentia"
"Protherohyus","23.03","2.588","20.442","Tayassuidae","Artiodactyla"
"Prodipoides","23.03","5.333","17.697","Castoridae","Rodentia"
"Diprionomys","15.97","4.9","11.07","Heteromyidae","Rodentia"
"Lemoynea","13.6","4.9","8.7","Talpidae","Lipotyphla"
"Pliosaccomys","13.6","2.588","11.012","Geomyidae","Rodentia"
"Paramicrotoscoptes","10.3","4.9","5.4","Cricetidae","Rodentia"
"Goniodontomys","23.03","4.9","18.13","Cricetidae","Rodentia"
"Vulpes","15.97","0","15.97","Canidae","Carnivora"
"Tapirus","23.03","0","23.03","Tapiridae","Perissodactyla"
"Rhynchotherium","23.03","0.3","22.73","Gomphotheriidae","Proboscidea"
"Pediomeryx","13.6","3.6","10","Palaeomerycidae","Artiodactyla"
"Eptesicus","10.3","0","10.3","Vespertilionidae","Chiroptera"
"Kansasimys","10.3","4.9","5.4","Eomyidae","Rodentia"
"Progeomys","10.3","4.9","5.4","Geomyidae","Rodentia"
"Paronychomys","13.6","1.8","11.8","Cricetidae","Rodentia"
"Bensonomys","10.3","0.3","10","Cricetidae","Rodentia"
"Peromyscus","23.03","0","23.03","Cricetidae","Rodentia"
"Prosigmodon","10.3","1.8","8.5","Cricetidae","Rodentia"
"Neotoma","23.03","0","23.03","Cricetidae","Rodentia"
"Lynx","10.3","0","10.3","Felidae","Carnivora"
"Plesiogulo","10.3","4.9","5.4","Mustelidae","Carnivora"
"Ramoceros","23.03","4.9","18.13","Antilocapridae","Artiodactyla"
"Plioceros","23.03","4.9","18.13","Antilocapridae","Artiodactyla"
"Procranioceras","15.97","10.3","5.67","Palaeomerycidae","Artiodactyla"
"Ochotona","10.3","0","10.3","Ochotonidae","Lagomorpha"
"Lepoides","23.03","1.8","21.23","Leporidae","Lagomorpha"
"Paenemarmota","23.03","1.8","21.23","Sciuridae","Rodentia"
"Marmota","10.3","0","10.3","Sciuridae","Rodentia"
"Thomomys","13.6","0","13.6","Geomyidae","Rodentia"
"Repomys","13.6","1.8","11.8","Cricetidae","Rodentia"
"Neotoma (Paraneotoma)","10.3","0.3","10","Cricetidae","Rodentia"
"Canis","23.03","0","23.03","Canidae","Carnivora"
"Trigonictis","10.3","0.3","10","Mustelidae","Carnivora"
"Brachyopsigale","10.3","1.8","8.5","Mustelidae","Carnivora"
"Martinogale","13.6","1.8","11.8","Mustelidae","Carnivora"
"Platygonus","23.03","0","23.03","Tayassuidae","Artiodactyla"
"Megacamelus","10.3","4.9","5.4","Camelidae","Artiodactyla"
"Protoprocyon","13.6","10.3","3.3","Procyonidae","Carnivora"
"Adelphailurus","10.3","4.9","5.4","Felidae","Carnivora"
"Onychomys","10.3","0","10.3","Cricetidae","Rodentia"
"Antrozous","23.03","0","23.03","Vespertilionidae","Chiroptera"
"Tamias","15.97","0","15.97","Sciuridae","Rodentia"
"Macrognathomys","15.97","4.9","11.07","Zapodidae","Rodentia"
"Skinnerhyus","13.6","10.3","3.3","Tayassuidae","Artiodactyla"
"Eubelodon","13.6","10.3","3.3","Gomphotheriidae","Proboscidea"
"Petauristodon","30.8","0","30.8","Sciuridae","Rodentia"
"Mookomys","24.8","13.6","11.2","Heteromyidae","Rodentia"
"Zygolophodon","23.03","5.333","17.697","Mammutidae","Proboscidea"
"Nothotylopus","15.97","10.3","5.67","Camelidae","Artiodactyla"
"Prosomys","10.3","4.9","5.4","Cricetidae","Rodentia"
"Pliozapus","13.6","1.8","11.8","Zapodidae","Rodentia"
"Serbelodon","15.97","4.9","11.07","Gomphotheriidae","Proboscidea"
"Pediolophodon","13.6","10.3","3.3","Gomphotheriidae","Proboscidea"
"Achlyoscapter","15.97","4.9","11.07","Talpidae","Lipotyphla"
"Pronotolagus","20.43","4.9","15.53","Leporidae","Lagomorpha"
"Mustela","15.97","0","15.97","Mustelidae","Carnivora"
"Pratifelis","10.3","4.9","5.4","Felidae","Carnivora"
"Paratoceras","30.8","5.333","25.467","Protoceratidae","Artiodactyla"
"Platybelodon","23.03","4.9","18.13","Gomphotheriidae","Proboscidea"
"Lantanotherium","23.03","5.333","17.697","Erinaceidae","Lipotyphla"
"Blackia","15.97","13.6","2.37","Sciuridae","Rodentia"
"Miosicista","15.97","13.6","2.37","Zapodidae","Rodentia"
"Temperocastor","15.97","13.6","2.37","Castoridae","Rodentia"
"Parataxidea","15.97","13.6","2.37","Mustelidae","Carnivora"
"Pliogale","15.97","4.9","11.07","Mustelidae","Carnivora"
"Plithocyon","23.03","5.333","17.697","Ursidae","Carnivora"
"Hippidion","23.03","1.8","21.23","Equidae","Perissodactyla"
"Geomys","10.3","0","10.3","Geomyidae","Rodentia"
"Ogmodontomys","10.3","1.8","8.5","Cricetidae","Rodentia"
"Pliophenacomys","10.3","0.3","10","Cricetidae","Rodentia"
"Symmetrodontomys","10.3","1.8","8.5","Cricetidae","Rodentia"
"Neotragocerus","23.03","1.8","21.23","Bovidae","Artiodactyla"
"Ammospermophilus","23.03","0","23.03","Sciuridae","Rodentia"
"Antecalomys","13.6","1.8","11.8","Cricetidae","Rodentia"
"Lasiurus","13.6","0.0117","13.5883","Vespertilionidae","Chiroptera"
"Alilepus","15.97","0.3","15.67","Leporidae","Lagomorpha"
"Proantilocapra","13.6","10.3","3.3","Antilocapridae","Artiodactyla"
"Catagonus","10.3","4.9","5.4","Tayassuidae","Artiodactyla"
"Parascalops","10.3","0","10.3","Talpidae","Lipotyphla"
"Baiomys","10.3","0.3","10","Cricetidae","Rodentia"
"Sminthosinis","10.3","1.8","8.5","Mustelidae","Carnivora"
"Lontra","10.3","0","10.3","Mustelidae","Carnivora"
"Bretzia","10.3","1.8","8.5","Cervidae","Artiodactyla"
"Paranasua","13.6","4.9","8.7","Procyonidae","Carnivora"
"Floridatragulus","20.43","13.6","6.83","Camelidae","Artiodactyla"
"Calippus (Grammohippus)","15.97","13.6","2.37","Equidae","Perissodactyla"
"Oklahomalagus","13.6","10.3","3.3","Ochotonidae","Lagomorpha"
"Gaillardia","15.97","4.9","11.07","Talpidae","Lipotyphla"
"Hexameryx","10.3","4.9","5.4","Antilocapridae","Artiodactyla"
"Enhydritherium","23.03","1.8","21.23","Mustelidae","Carnivora"
"Tapiravus","20.44","11.62","8.82","Tapiridae","Perissodactyla"
"Megantereon","10.3","1.8","8.5","Felidae","Carnivora"
"Kyptoceras","10.3","3.6","6.7","Protoceratidae","Artiodactyla"
"Abelmoschomys","13.6","10.3","3.3","Cricetidae","Rodentia"
"Hoplictis","23.03","5.333","17.697","Mustelidae","Carnivora"
"Amebelodon (Konobelodon)","10.3","4.9","5.4","Gomphotheriidae","Proboscidea"
"Calippus (Calippus)","15.97","13.82","2.15","Equidae","Perissodactyla"
"Mylohyus","10.3","0","10.3","Tayassuidae","Artiodactyla"
"Suaptenos","20.43","15.97","4.46","Vespertilionidae","Chiroptera"
"Miomyotis","20.43","15.97","4.46","Vespertilionidae","Chiroptera"
"Phoberocyon","20.43","15.97","4.46","Ursidae","Carnivora"
"Floridaceras","30.8","15.97","14.83","Rhinocerotidae","Perissodactyla"
"Floridachoerus","23.03","15.97","7.06","Tayassuidae","Artiodactyla"
"Pratilepus","10.3","1.8","8.5","Leporidae","Lagomorpha"
"Urocyon","13.6","0","13.6","Canidae","Carnivora"
"Floridameryx","13.6","3.6","10","Gelocidae","Artiodactyla"
"Tephrocyon","23.03","5.333","17.697","Canidae","Carnivora"
"Australocamelus","20.43","13.6","6.83","Camelidae","Artiodactyla"
"Plesiosminthus","15.97","13.6","2.37","Zapodidae","Rodentia"
"Gulfoceras","23.03","20.44","2.59","Rhinocerotidae","Perissodactyla"
"Parapaenemarmota","10.3","4.9","5.4","Sciuridae","Rodentia"
"Notolagus","10.3","0.3","10","Leporidae","Lagomorpha"
"Glossotherium","10.3","0.0117","10.2883","Mylodontidae","Xenarthra"
"Stegomastodon","23.03","0.0117","23.0183","Gomphotheriidae","Proboscidea"
"Plionycteris","10.3","4.9","5.4","Vespertilionidae","Chiroptera"
"Taxidea","10.3","0","10.3","Mustelidae","Carnivora"
"Ancenycteris","15.97","13.6","2.37","Vespertilionidae","Chiroptera"
"Cynomys","15.97","0","15.97","Sciuridae","Rodentia"
"Scaphohippus","23.03","5.333","17.697","Equidae","Perissodactyla"
"Scapanus","23.03","0.0117","23.0183","Talpidae","Lipotyphla"
"Liodontia","23.03","4.9","18.13","Aplodontidae","Rodentia"
"Hesperogaulus","23.03","4.9","18.13","Mylagaulidae","Rodentia"
"Tardontia","23.03","4.9","18.13","Aplodontidae","Rodentia"
"Arctomyoides","23.03","5.333","17.697","Sciuridae","Rodentia"
"Scapanoscapter","15.97","13.6","2.37","Talpidae","Lipotyphla"
"Limnonyx","13.6","10.3","3.3","Mustelidae","Carnivora"
"Parapliohippus","23.03","5.333","17.697","Equidae","Perissodactyla"
"Hesperocamelus","23.03","5.333","17.697","Camelidae","Artiodactyla"
"Mojavemys","23.03","5.333","17.697","Geomyidae","Rodentia"
"Blickomylus","23.03","5.333","17.697","Camelidae","Artiodactyla"
"Merriamoceros","23.03","5.333","17.697","Antilocapridae","Artiodactyla"
"Neotamias","10.3","0","10.3","Sciuridae","Rodentia"
"Oregonomys","10.3","1.8","8.5","Heteromyidae","Rodentia"
"Basirepomys","13.6","4.9","8.7","Cricetidae","Rodentia"
"Megapeomys","20.43","15.97","4.46","Eomyidae","Rodentia"
"Bassaricyonoides","20.43","15.97","4.46","Procyonidae","Carnivora"
"Neurotrichus","10.3","4.9","5.4","Talpidae","Lipotyphla"
"Simocyon","10.3","4.9","5.4","Ailuridae","Carnivora"
"Lutravus","13.6","4.9","8.7","Mustelidae","Carnivora"
"Martes (Tomictis)","15.97","13.6","2.37","Mustelidae","Carnivora"
"Metalopex","23.03","4.9","18.13","Canidae","Carnivora"
"Ilingoceros","13.6","4.9","8.7","Antilocapridae","Artiodactyla"
"Nerterogeomys","4.9","0.3","4.6","Geomyidae","Rodentia"
"Panolax","15.97","10.3","5.67","Leporidae","Lagomorpha"
"Dyseohyus","23.03","5.333","17.697","Tayassuidae","Artiodactyla"
"Woodburnehyus","13.6","10.3","3.3","Tayassuidae","Artiodactyla"
"Capromeryx","13.6","0","13.6","Antilocapridae","Artiodactyla"
"Rakomylus","23.03","5.333","17.697","Camelidae","Artiodactyla"
"Titanotylopus","10.3","0.3","10","Camelidae","Artiodactyla"
"Ottoceros","10.3","4.9","5.4","Antilocapridae","Artiodactyla"
"Protepicyon","15.97","13.6","2.37","Canidae","Carnivora"
"Procyon","10.3","0","10.3","Procyonidae","Carnivora"
"Tayassu","10.3","0","10.3","Tayassuidae","Artiodactyla"
"Pliotomodon","10.3","4.9","5.4","Cricetidae","Rodentia"
"Heteropliohippus","23.03","5.333","17.697","Equidae","Perissodactyla"
"Miotomodon","10.3","4.9","5.4","Cricetidae","Rodentia"
"Cernictis","10.3","4.9","5.4","Mustelidae","Carnivora"
"Galushamys","10.3","4.9","5.4","Cricetidae","Rodentia"
"Cuyamacamelus","23.03","5.333","17.697","Camelidae","Artiodactyla"
"Cuyamalagus","30.8","15.97","14.83","Ochotonidae","Lagomorpha"
"Cerdocyon","10.3","1.8","8.5","Canidae","Carnivora"
"Boreohippidion","10.3","4.9","5.4","Equidae","Perissodactyla"
"Chasmaporthetes","4.9","0.3","4.6","Hyaenidae","Carnivora"
"Aluralagus","4.9","0.3","4.6","Leporidae","Lagomorpha"
"Reithrodontomys","4.9","0","4.9","Cricetidae","Rodentia"
"Sigmodon","5.333","0","5.333","Cricetidae","Rodentia"
"Ondatra","5.333","0","5.333","Arvicolinae","Rodentia"
"Jacobsomys","10.3","1.8","8.5","Cricetidae","Rodentia"
"Camelops","23.03","0","23.03","Camelidae","Artiodactyla"
"Cratogeomys","4.9","0","4.9","Geomyidae","Rodentia"
"Dipodomys","4.9","0","4.9","Heteromyidae","Rodentia"
"Nekrolagus","10.3","1.8","8.5","Leporidae","Lagomorpha"
"Eumops","4.9","0","4.9","Molossidae","Chiroptera"
"Odocoileus","4.9","0","4.9","Cervidae","Artiodactyla"
"Histiotus","4.9","1.8","3.1","Vespertilionidae","Chiroptera"
"Neochoerus","4.9","0.0117","4.8883","Caviidae","Rodentia"
"Glyptotherium","5.333","0","5.333","Sclerocalyptidae","Xenarthra"
"Sylvilagus","4.9","0","4.9","Leporidae","Lagomorpha"
"Mictomys","4.9","0","4.9","Cricetidae","Rodentia"
"Erethizon","4.9","0","4.9","Erethizontidae","Rodentia"
"Equus (Dolichohippus)","4.9","0","4.9","Equidae","Perissodactyla"
"Arctodus","4.9","0","4.9","Ursidae","Carnivora"
"Aztlanolagus","4.9","0.0117","4.8883","Leporidae","Lagomorpha"
"Mimomys","5.333","0.0117","5.3213","Arvicolinae","Rodentia"
"Chrysocyon","4.9","1.8","3.1","Canidae","Carnivora"
"Tetrameryx","4.9","0.0117","4.8883","Antilocapridae","Artiodactyla"
"Phugatherium","4.9","0.3","4.6","Hydrochoeridae","Rodentia"
"Homotherium","4.9","0.0117","4.8883","Felidae","Carnivora"
"Puma","4.9","0","4.9","Felidae","Carnivora"
"Pewelagus","4.9","0.3","4.6","Leporidae","Lagomorpha"
"Miracinonyx","4.9","0.0117","4.8883","Felidae","Carnivora"
"Spilogale","4.9","0","4.9","Mephitidae","Carnivora"
"Antilocapra","4.9","0","4.9","Antilocapridae","Artiodactyla"
"Reynoldsomys","4.9","1.8","3.1","Geomyidae","Rodentia"
"Paramylodon","4.9","0","4.9","Mylodontidae","Xenarthra"
"Haringtonhippus","4.9","0.0117","4.8883","Equidae","Perissodactyla"
"Gigantocamelus","4.9","0.3","4.6","Camelidae","Artiodactyla"
"Smilodon","4.9","0","4.9","Felidae","Carnivora"
"Holmesina","4.9","0.0117","4.8883","Pampatheriidae","Cingulata"
"Eremotherium","23.03","0","23.03","Megatheriidae","Xenarthra"
"Dasypus","4.9","0","4.9","Dasypodidae","Cingulata"
"Scalopus","4.9","0","4.9","Talpidae","Lipotyphla"
"Miopetaurista","5.333","1.8","3.533","Sciuridae","Rodentia"
"Orthogeomys","4.9","0.0117","4.8883","Geomyidae","Rodentia"
"Satherium","5.333","0.3","5.033","Mustelidae","Carnivora"
"Tadarida","4.9","0","4.9","Molossidae","Chiroptera"
"Theriodictis","4.9","1.8","3.1","Canidae","Carnivora"
"Phenacomys","4.9","0","4.9","Arvicolinae","Rodentia"
"Ferinestrix","4.9","1.8","3.1","Mustelidae","Carnivora"
"Procastoroides","4.9","1.8","3.1","Castoridae","Rodentia"
"Ursus","4.9","0","4.9","Ursidae","Carnivora"
"Cervus","4.9","0","4.9","Cervidae","Artiodactyla"
"Pliolemmus","4.9","1.8","3.1","Cricetidae","Rodentia"
"Zapus","4.9","0","4.9","Zapodidae","Rodentia"
"Hibbardomys","4.9","0.3","4.6","Cricetidae","Rodentia"
"Plioctomys","4.9","1.8","3.1","Cricetidae","Rodentia"
"Nebraskomys","4.9","1.8","3.1","Cricetidae","Rodentia"
"Mephitis","4.9","0","4.9","Mephitidae","Carnivora"
"Guildayomys","4.9","0.3","4.6","Cricetidae","Rodentia"
"Loupomys","4.9","1.8","3.1","Cricetidae","Rodentia"
"Equus (Hemionus)","4.9","0.3","4.6","Equidae","Perissodactyla"
"Sinocapra","4.9","1.8","3.1","Bovidae","Artiodactyla"
"Navahoceros","4.9","0.0117","4.8883","Cervidae","Artiodactyla"
"Oryzomys","4.9","0","4.9","Cricetidae","Rodentia"
"Euceratherium","2.588","0","2.588","Bovidae","Artiodactyla"
"Dinofelis","4.9","1.8","3.1","Felidae","Carnivora"
"Blancocamelus","4.9","0.3","4.6","Camelidae","Artiodactyla"
"Lasionycteris","4.9","0","4.9","Vespertilionidae","Chiroptera"
"Nasua","10.3","0","10.3","Procyonidae","Carnivora"
"Parailurus","4.9","1.8","3.1","Ailuridae","Carnivora"
"Rangifer","4.9","0","4.9","Cervidae","Artiodactyla"
"Synaptomys","4.9","0","4.9","Arvicolinae","Rodentia"
"Paranotolagus","4.9","1.8","3.1","Leporidae","Lagomorpha"
"Hodomys","4.9","0.0117","4.8883","Cricetidae","Rodentia"
"Anzanycteris","4.9","1.8","3.1","Vespertilionidae","Chiroptera"
"Microdipodops","4.9","0","4.9","Geomyidae","Rodentia"
"Tremarctos","4.9","0","4.9","Ursidae","Carnivora"
"Nothrotherium","4.9","0","4.9","Nothrotheriidae","Xenarthra"
"Lutra","4.9","0","4.9","Mustelidae","Carnivora"
"Bootherium","2.588","0","2.588","Bovidae","Artiodactyla"
"Oreamnos","1.8","0.0117","1.7883","Bovidae","Artiodactyla"
"Nothrotheriops","4.9","0","4.9","Nothrotheriidae","Xenarthra"
"Castoroides","2.588","0.0117","2.5763","Castoridae","Rodentia"
"Microtus","2.588","0","2.588","Arvicolinae","Rodentia"
"Cervalces","2.588","0","2.588","Cervidae","Artiodactyla"
"Myodes","2.588","0","2.588","Arvicolinae","Rodentia"
"Chaetodipus","2.588","0","2.588","Heteromyidae","Rodentia"
"Allophaiomys","2.588","0.0117","2.5763","Arvicolinae","Rodentia"
"Eutamias","2.588","0","2.588","Sciuridae","Rodentia"
"Pekania","10.3","0","10.3","Mustelidae","Carnivora"
"Meizonyx","1.8","0.3","1.5","Megalonychidae","Xenarthra"
"Mixotoxodon","2.588","0.0117","2.5763","Toxodontidae","Notoungulata"
"Bison","3.6","0","3.6","Bovidae","Artiodactyla"
"Atopomys","2.588","0.0117","2.5763","Cricetidae","Rodentia"
"Proneofiber","1.8","0.3","1.5","Cricetidae","Rodentia"
"Panthera","4.9","0","4.9","Felidae","Carnivora"
"Ovis","4.9","0","4.9","Bovidae","Artiodactyla"
"Enhydra","2.588","0","2.588","Mustelidae","Carnivora"
"Equus (Hesperohippus)","1.8","0.3","1.5","Equidae","Perissodactyla"
"Lemmiscus","5.333","0","5.333","Cricetidae","Rodentia"
"Brachylagus","1.8","0","1.8","Leporidae","Lagomorpha"
"Didelphis","2.588","0","2.588","Didelphidae","Didelphimorphia"
"Stockoceros","4.9","0.0117","4.8883","Antilocapridae","Artiodactyla"
"Lasiopodomys","2.588","0.0117","2.5763","Arvicolinae","Rodentia"
"Pipistrellus","4.9","0","4.9","Vespertilionidae","Chiroptera"
"Plecotus","4.9","0","4.9","Vespertilionidae","Chiroptera"
"Glaucomys","4.9","0","4.9","Sciuridae","Rodentia"
"Podomys","1.8","0.0117","1.7883","Cricetidae","Rodentia"
"Ochrotomys","1.8","0.0117","1.7883","Muridae","Rodentia"
"Neofiber","2.588","0.0117","2.5763","Cricetidae","Rodentia"
"Conepatus","23.03","0.0117","23.0183","Mustelidae","Carnivora"
"Palaeolama","4.9","0.0117","4.8883","Camelidae","Artiodactyla"
"Neovison","1.8","0","1.8","Mustelidae","Carnivora"
"Brachyprotoma","1.8","0","1.8","Mustelidae","Carnivora"
"Tamiasciurus","2.588","0","2.588","Sciuridae","Rodentia"
"Soergelia","1.8","0.3","1.5","Bovidae","Artiodactyla"
"Condylura","2.588","0.0117","2.5763","Talpidae","Lipotyphla"
"Gulo","1.8","0","1.8","Mustelidae","Carnivora"
"Napaeozapus","2.588","0.0117","2.5763","Zapodidae","Rodentia"
"Myrmecophaga","4.9","1.8","3.1","Myrmecophagidae","Xenarthra"
"Morrillia","1.8","0.3","1.5","Gomphotheriidae","Proboscidea"
"Hayoceros","1.8","0.3","1.5","Antilocapridae","Artiodactyla"
"Desmodus","4.9","0.0117","4.8883","Phyllostomidae","Chiroptera"
"Ovibos","2.588","0.0117","2.5763","Bovidae","Artiodactyla"
"Javazapus","1.8","0.3","1.5","Zapodidae","Rodentia"
"Tyrannomys","1.8","0.3","1.5","Zapodidae","Rodentia"
"Tisisthenes","1.8","0.3","1.5","Mustelidae","Carnivora"
"Toxodon","1.8","0.0117","1.7883","Toxodontidae","Notoungulata"
"Leopardus","1.8","0","1.8","Felidae","Carnivora"
"Osmotherium","1.8","0.3","1.5","Mustelidae","Carnivora"
"Crocuta","1.8","0.3","1.5","Hyaenidae","Carnivora"
"Hydrochoerus","23.03","0","23.03","Caviidae","Rodentia"
"Pampatherium","3.6","0.0117","3.5883","Pampatheriidae","Cingulata"
"Xenocyon","1.8","0.3","1.5","Canidae","Carnivora"
"Mormoops","0.126","0","0.126","Mormoopidae","Chiroptera"
"Eira","0.0117","0","0.0117","Mustelidae","Carnivora"
"Bassaricyon","0.0117","0","0.0117","Procyonidae","Carnivora"
"Potos","0.0117","0","0.0117","Procyonidae","Carnivora"
"Caluromys","0.0117","0","0.0117","Didelphidae","Didelphimorphia"
"Marmosa","2.588","0","2.588","Didelphidae","Didelphimorphia"
"Philander","0.0117","0","0.0117","Didelphidae","Didelphimorphia"
"Metachirus","0.0117","0","0.0117","Didelphidae","Didelphimorphia"
"Choloepus","0.0117","0","0.0117","Megalonychidae","Xenarthra"
"Cabassous","0.0117","0","0.0117","Dasypodidae","Cingulata"
"Tamandua","0.0117","0","0.0117","Myrmecophagidae","Xenarthra"
"Ateles","0.0117","0","0.0117","Atelidae","Primates"
"Cebus","0.0117","0","0.0117","Cebidae","Primates"
"Saguinus","0.0117","0","0.0117","Cebidae","Primates"
"Alouatta","0.0117","0","0.0117","Atelidae","Primates"
"Dasyprocta","0.0117","0","0.0117","Dasyproctidae","Rodentia"
"Diplomys","0.0117","0","0.0117","Echimyidae","Rodentia"
"Coendou","0.0117","0","0.0117","Erethizontidae","Rodentia"
"Microsciurus","0.0117","0","0.0117","Sciuridae","Rodentia"
"Cuniculus","0.0117","0","0.0117","Cuniculidae","Rodentia"
"Dasypus (Dasypus)","0.0117","0","0.0117","Dasypodidae","Cingulata"
"Zygodontomys","0.0117","0","0.0117","Cricetidae","Rodentia"
"Cyclopes","0.0117","0","0.0117","Cyclopedidae","Xenarthra"
"Mazama","2.588","0","2.588","Cervidae","Artiodactyla"
"Rattus","0.126","0","0.126","Muridae","Rodentia"
"Chironectes","0.0117","0","0.0117","Didelphidae","Didelphimorphia"
"Heteromys","0.0117","0","0.0117","Muridae","Rodentia"
"Mus","0.126","0","0.126","Muridae","Rodentia"
"Callophoca","13.82","0.0117","13.8083","Phocidae","Carnivora"
"Acidomomys","56.8","55.8","1","Paromomyidae","Primates"
"Karstala","20.43","15.97","4.46","Vespertilionidae","Chiroptera"
"Paratamias","10.3","4.9","5.4","Sciuridae","Rodentia"
"Betonnia","66","63.3","2.7","Cimolestidae","Cimolesta"
"Thinocyon","50.3","46.2","4.09999999999999","Hyaenodontidae","Hyaenodonta"
"Adilophontes","30.8","20.43","10.37","Amphicyonidae","Carnivora"
"Imagotaria","13.82","2.588","11.232","Odobenidae","Carnivora"
"Homo","2.588","0","2.588","Hominidae","Primates"
"Metailurus","0.781","0.126","0.655","Felidae","Carnivora"
"Migmacastor","24.8","20.43","4.37","Castoridae","Rodentia"
"Simojovelhyus","28.4","23.03","5.37","Tayassuidae","Artiodactyla"
"Primonatalus","20.43","15.97","4.46","Natalidae","Chiroptera"
"Parapotos","15.97","13.6","2.37","Procyonidae","Carnivora"
"Mesocnus","2.588","0.0117","2.5763","Megalonychidae","Xenarthra"
"Miocnus","2.588","0.0117","2.5763","Megalonychidae","Xenarthra"
"Microcnus","2.588","0.0117","2.5763","Megalonychidae","Xenarthra"
"Lainoryctes","61.7","56.8","4.90000000000001","Palaeoryctidae","Cimolesta"
"Leptophoca","20.43","7.246","13.184","Phocidae","Carnivora"
"Ontocetus","23.03","0.0117","23.0183","Odobenidae","Carnivora"
"Phocanella","5.333","3.6","1.733","Phocidae","Carnivora"
"Thalassoleon","7.246","2.588","4.658","Otariidae","Carnivora"
"Aivukus","11.608","2.588","9.02","Odobenidae","Carnivora"
"Pyrocyon","55.8","50.3","5.5","Hyaenodontidae","Hyaenodonta"
"Paralouatta","23.03","15.97","7.06","Pitheciidae","Primates"
"Zazamys","23.03","15.97","7.06","Capromyidae","Rodentia"
"Imagocnus","23.03","15.97","7.06","Megalonychidae","Xenarthra"
"Phoca","3.6","0","3.6","Phocidae","Carnivora"
"Pagophilus","2.588","0.0117","2.5763","Phocidae","Carnivora"
"Pusa","0.126","0","0.126","Phocidae","Carnivora"
"Erignathus","0.3","0","0.3","Phocidae","Carnivora"
"Neotherium","15.97","11.62","4.35","Odobenidae","Carnivora"
"Pithanotaria","13.82","3.6","10.22","Otariidae","Carnivora"
"Dusignathus","11.62","2.588","9.032","Odobenidae","Carnivora"
"Arctocephalus","3.6","0","3.6","Otariidae","Carnivora"
"Eumetopias","2.588","0","2.588","Otariidae","Carnivora"
"Odobenus","2.588","0","2.588","Odobenidae","Carnivora"
"Monotherium","15.97","11.62","4.35","Phocidae","Carnivora"
"Pontolis","13.6","3.6","10","Odobenidae","Carnivora"
"Platyphoca","5.333","3.6","1.733","Phocidae","Carnivora"
"Halichoerus","2.588","0","2.588","Phocidae","Carnivora"
"Valenictus","7.246","1.8","5.446","Odobenidae","Carnivora"
"Zalophus","5.333","0","5.333","Otariidae","Carnivora"
"Callorhinus","5.333","0","5.333","Otariidae","Carnivora"
"Kolponomos","23.03","15.97","7.06","Ursidae","Carnivora"
"Pelagiarctos","20.44","13.82","6.62","Odobenidae","Carnivora"
"Desmatophoca","23.03","15.97","7.06","Desmatophocidae","Carnivora"
"Gomphotaria","11.62","5.333","6.287","Odobenidae","Carnivora"
"Pliopedia","5.333","3.6","1.733","Odobenidae","Carnivora"
"Proneotherium","20.44","15.97","4.47","Odobenidae","Carnivora"
"Pristinailurus","10.3","1.8","8.5","Ailuridae","Carnivora"
"Arctomeles","10.3","1.8","8.5","Mustelidae","Carnivora"
"Alces","0.126","0","0.126","Cervidae","Artiodactyla"
"Sus","0.126","0","0.126","Suidae","Artiodactyla"
"Allocosmodon","61.7","56.8","4.90000000000001","Microcosmodontidae","Multituberculata"
"Megoreodon","26.3","24.8","1.5","Merycoidodontidae","Artiodactyla"
"Plaina","4.9","1.8","3.1","Pampatheriidae","Cingulata"
"Capricamelus","5.333","1.8","3.533","Camelidae","Artiodactyla"
"Dicrostonyx","0.3","0.0117","0.2883","Arvicolinae","Rodentia"
"Lemmus","0.3","0.0117","0.2883","Arvicolinae","Rodentia"
"Balantiopteryx","0.126","0.0117","0.1143","Emballonuridae","Chiroptera"
"Leptonycteris","0.126","0.0117","0.1143","Phyllostomatidae","Chiroptera"
"Artibeus","0.126","0.0117","0.1143","Phyllostomidae","Chiroptera"
"Liomys","0.126","0.0117","0.1143","Heteromyidae","Rodentia"
"Scelidotherium","0.126","0.0117","0.1143","Mylodontidae","Xenarthra"
"Glyptodon","3.6","0.0117","3.5883","Glyptodontidae","Xenarthra"
"Megatherium","2.588","0.0117","2.5763","Megatheriidae","Xenarthra"
"Mylodon","2.588","0.0117","2.5763","Mylodontidae","Xenarthra"
"Oncocherus","61.7","56.8","4.90000000000001","Erinaceidae","Lipotyphla"
"Chamitaxus","10.3","4.9","5.4","Mustelidae","Carnivora"
"Mirounga","0.3","0","0.3","Phocidae","Carnivora"
"Proterozetes","2.588","0.0117","2.5763","Otariidae","Carnivora"
"Nanocuris","72.1","66","6.09999999999999","Deltatheridiidae","Deltatheroida"
"Pappogeomys","0.126","0.0117","0.1143","Geomyidae","Rodentia"
"Malfelis","50.3","46.2","4.09999999999999","Oxyaenidae","Creodonta"
"Protopsalis","50.3","46.2","4.09999999999999","Hyaenodontidae","Hyaenodonta"
"Gryphoca","5.333","3.6","1.733","Phocidae","Carnivora"
"Homiphoca","7.246","3.6","3.646","Phocidae","Carnivora"
"Acratocnus","2.588","0","2.588","Megalonychidae","Xenarthra"
"Cubanycteris","0.126","0.0117","0.1143","Phyllostomidae","Chiroptera"
"Megalocnus","0.126","0.0117","0.1143","Megalonychidae","Xenarthra"
"Macrotus","0.126","0","0.126","Phyllostomatidae","Chiroptera"
"Brachyphylla","0.126","0","0.126","Phyllostomatidae","Chiroptera"
"Onychonycteris","55.8","50.3","5.5","Onychonycteridae","Chiroptera"
"Neomonachus","2.588","0","2.588","Phocidae","Carnivora"
"Nycticeius","0.126","0.0117","0.1143","Vespertilionidae","Chiroptera"
"Ceratomeryx","4.9","1.8","3.1","Antilocapridae","Artiodactyla"
"Oreotalpa","37.2","33.9","3.3","Talpidae","Lipotyphla"
"Anomodon","2.588","0.0117","2.5763","Talpidae","Lipotyphla"
"Boochoerus","28.4","23.03","5.37","Entelodontidae","Artiodactyla"
"Tatmanius","55.8","50.3","5.5","Omomyidae","Primates"
"Diablomomys","46.2","40.4","5.8","Omomyidae","Primates"
"Prophoca","2.588","0.0117","2.5763","Phocidae","Carnivora"
"Phyllops","0.126","0.0117","0.1143","Phyllostomidae","Chiroptera"
"Colpocherus","55.8","48.6","7.2","Amphilemuridae","Macroscelidea"
"Eogale","55.8","50.3","5.5","Miacidae","Carnivora"
"Corbarimys","55.8","50.3","5.5","Paramyidae","Rodentia"
"Promerycochoerus (Parapromerycochoerus)","30.8","20.43","10.37","Merycoidodontidae","Artiodactyla"
"Zionodon","46.2","40.4","5.8","Amphilemuridae","Macroscelidea"
"Lagurus","0.126","0.0117","0.1143","Cricetidae","Rodentia"
"Aplodontia","0.126","0.0117","0.1143","Aplodontidae","Rodentia"
"Phenacomys (Arborimus)","0.126","0.0117","0.1143","Arvicolinae","Rodentia"
"Arvicola","2.588","0","2.588","Arvicolinae","Rodentia"
"Metaliomys","10.3","4.9","5.4","Heteromyidae","Rodentia"
"Natalus","0.126","0","0.126","Natalidae","Chiroptera"
"Molossus","0.0117","0","0.0117","Molossidae","Chiroptera"
"Diabolocornis","20.43","15.97","4.46","Palaeomerycidae","Artiodactyla"
"Parikimys","70.6","66","4.59999999999999","Neoplagiaulacidae","Multituberculata"
"Paressonodon","70.6","66","4.59999999999999","Cimolomyidae","Multituberculata"
"Nidimys","70.6","66","4.59999999999999","Neoplagiaulacidae","Multituberculata"
"Bos","2.588","0","2.588","Bovidae","Artiodactyla"
"Xenosmilus","4.9","0.3","4.6","Felidae","Carnivora"
"Edworthia","63.3","61.7","1.59999999999999","Paromomyidae","Primates"
"Chacomylus","66","63.3","2.7","Hyopsodontidae","Condylarthra"
"Phoxomylus","61.7","56.8","4.90000000000001","Palaechthonidae","Primates"
"Arctotherium","4.9","1.8","3.1","Ursidae","Carnivora"
"Thlaeodon","70.6","66","4.59999999999999","Palaeoryctidae","Cimolesta"
"Corynorhinus","0.126","0.0117","0.1143","Vespertilionidae","Chiroptera"
"Vespertilio","1.8","0.3","1.5","Vespertilionidae","Chiroptera"
"Macropus","2.588","0","2.588","Macropodidae","Diprotodontia"
"Pantomimus","63.3","61.7","1.59999999999999","Pantolestidae","Proteutheria"
"Alopocosmodon","63.3","61.7","1.59999999999999","Microcosmodontidae","Multituberculata"
"Heteropsomys","2.588","0.0117","2.5763","Echimyidae","Rodentia"
"Capromys","0.0117","0","0.0117","Murina","Rodentia"
"Allacodon","70.6","66","4.59999999999999","Allodontidae","Multituberculata"
"Argorheomys","40.4","37.2","3.2","Pipestoneomyidae","Rodentia"
"Cubacyon","2.588","0","2.588","Canidae","Carnivora"
"Nanomomys","55.8","48.6","7.2","Microsyopidae","Primates"
"Golerdelphys","61.7","56.8","4.90000000000001","Herpetotheriidae","Marsupialia"
"Pecari","0.126","0","0.126","Tayassuidae","Artiodactyla"
"Gagadon","55.8","50.3","5.5","Homacodontidae","Artiodactyla"
"Wyomylus","15.97","4.9","11.07","Camelidae","Artiodactyla"
"Legionarictis","15.97","13.6","2.37","Mustelidae","Carnivora"
"Anancus","2.588","0.0117","2.5763","Gomphotheriidae","Proboscidea"
"Eubrontotherium","40.4","37.2","3.2","Brontotheriidae","Perissodactyla"
"Parvicornus","40.4","37.2","3.2","Brontotheriidae","Perissodactyla"
"Skinneroceras","33.3","30.8","2.5","Rhinocerotidae","Perissodactyla"
"Woodoceras","30.8","20.43","10.37","Rhinocerotidae","Perissodactyla"
"Prothomomys","10.3","4.9","5.4","Geomyidae","Rodentia"
"Cuon","0.126","0.0117","0.1143","Canidae","Carnivora"
"Iridodon","50.3","46.2","4.09999999999999","Hyaenodontidae","Hyaenodonta"
"Phoberogale","30.8","20.43","10.37","Ursidae","Carnivora"
"Craterogale","20.43","15.97","4.46","Mustelidae","Carnivora"
"Protemnocyon","33.9","33.3","0.600000000000001","Canidae","Carnivora"
"Rudiocyon","30.8","20.43","10.37","Amphicyonidae","Carnivora"
"Silvacola","55.8","50.3","5.5","Erinaceidae","Lipotyphla"
"Cariacus","2.588","0.0117","2.5763","Cervidae","Artiodactyla"
"Uncia","1.8","0.3","1.5","Felidae","Carnivora"
"Lophiotherium","55.8","50.3","5.5","Palaeotheriidae","Perissodactyla"
"Brachygaulus","33.9","33.3","0.600000000000001","Aplodontidae","Rodentia"
"Alopecocyon","13.6","10.3","3.3","Ailuridae","Carnivora"
"Ursolestes","66","63.3","2.7","Purgatoriidae","Primates"
"Aceroryctes","55.8","50.3","5.5","Palaeoryctidae","Cimolesta"
"Eotaria","20.44","13.82","6.62","Otariidae","Carnivora"
"Metaparamys","37.2","33.9","3.3","Ischyromyidae","Rodentia"
"Mylagaulodon","30.8","15.97","14.83","Mylagaulidae","Rodentia"
"Hemicyon","13.6","10.3","3.3","Ursidae","Carnivora"
"Teleodus","37.2","33.9","3.3","Brontotheriidae","Perissodactyla"
"Paramachaerodus","10.3","4.9","5.4","Felidae","Carnivora"
"Schizotherium","37.2","33.9","3.3","Chalicotheriidae","Perissodactyla"
"Disallomys","33.3","30.8","2.5","Aplodontidae","Rodentia"
"Anthracotherium","37.2","33.9","3.3","Anthracotheriidae","Artiodactyla"
"Sinonyx","61.7","56.8","4.90000000000001","Mesonychidae","Acreodi"
"Kimbetopsalis","66","63.3","2.7","Taeniolabididae","Multituberculata"
"Notogaulus","23.03","5.333","17.697","Mylagaulidae","Rodentia"
"Actiocyon","15.97","13.6","2.37","Ailuridae","Carnivora"
"Negodiaetictis","15.97","13.6","2.37","Mustelidae","Carnivora"
"Brevimalictis","15.97","13.6","2.37","Mustelidae","Carnivora"
"Paracamelus","13.6","10.3","3.3","Camelidae","Artiodactyla"
"Wrightohyus","24.8","15.97","8.83","Tayassuidae","Artiodactyla"
"Lucashyus","24.8","20.43","4.37","Tayassuidae","Artiodactyla"
"Wickia","46.2","40.4","5.8","Brontotheriidae","Perissodactyla"
"Octacodon","33.3","30.8","2.5","Anthracotheriidae","Artiodactyla"
"Stuckyhyus","24.8","20.43","4.37","Tayassuidae","Artiodactyla"
"Proischyromys","37.2","33.9","3.3","Ischyromyidae","Rodentia"
"Carolopaulacoutoia","23.03","5.333","17.697","Sternbergiidae","Marsupialia"
"Pseudomesoreodon","24.8","20.43","4.37","Merycoidodontidae","Artiodactyla"
"Pseudodesmatochoerus","30.8","20.43","10.37","Merycoidodontidae","Artiodactyla"
"Miniochoerus (Paraminiochoerus)","33.3","30.8","2.5","Merycoidodontidae","Artiodactyla"
"Brotomys","0.126","0","0.126","Echimyidae","Rodentia"
"Plagiodontia","0.126","0","0.126","Capromyidae","Rodentia"
"Aatotomus","61.7","56.8","4.90000000000001","Pantolestidae","Proteutheria"
"Amphictis","20.43","15.97","4.46","Procyonidae","Carnivora"
"Parabrachypsalis","20.43","15.97","4.46","Mustelidae","Carnivora"
"Pelonax","37.2","33.9","3.3","Entelodontidae","Artiodactyla"
"Fremdohyus","33.3","30.8","2.5","Tayassuidae","Artiodactyla"
"Zacatzontli","5.333","2.588","2.745","Megalonychidae","Xenarthra"
"Calomys","5.333","2.588","2.745","Cricetidae","Rodentia"
"Panamacebus","30.8","20.43","10.37","Cebidae","Primates"
"Scirrotherium","10.3","4.9","5.4","Pampatheriidae","Cingulata"
"Auroraphoca","5.333","3.6","1.733","Phocidae","Carnivora"
"Virginiaphoca","11.608","3.6","8.008","Phocidae","Carnivora"
